PT08.S1(CO),PT08.S2(NMHC),C6H6(GT),NOx(GT)
1360.0,1046.0,11.9,166.0
1292.0,955.0,9.4,103.0
1402.0,939.0,9.0,131.0
1376.0,948.0,9.2,172.0
1272.0,836.0,6.5,131.0
1197.0,750.0,4.7,89.0
1185.0,690.0,3.6,62.0
1136.0,672.0,3.3,62.0
1094.0,609.0,2.3,45.0
1010.0,561.0,1.7,180.0
1011.0,527.0,1.3,21.0
1066.0,512.0,1.1,16.0
1052.0,553.0,1.6,34.0
1144.0,667.0,3.2,98.0
1333.0,900.0,8.0,174.0
1351.0,960.0,9.5,129.0
1233.0,827.0,6.3,112.0
1179.0,762.0,5.0,95.0
1236.0,774.0,5.2,104.0
1286.0,869.0,7.3,146.0
1371.0,1034.0,11.5,207.0
1310.0,933.0,8.8,184.0
1292.0,912.0,8.3,193.0
1383.0,1020.0,11.2,243.0
1581.0,1319.0,20.8,281.0
1776.0,1488.0,27.4,383.0
1640.0,1404.0,24.0,351.0
1313.0,1076.0,12.8,240.0
965.0,749.0,4.7,94.0
913.0,629.0,2.6,47.0
1080.0,805.0,5.9,122.0
1044.0,829.0,6.4,133.0
988.0,718.0,4.1,82.0
889.0,574.0,1.9,180.0
831.0,506.0,1.1,21.0
847.0,501.0,1.0,30.0
927.0,571.0,1.8,56.0
1091.0,730.0,4.4,109.0
1587.0,1236.0,17.9,307.0
1545.0,1353.0,22.1,180.0
1350.0,1118.0,14.0,187.0
1263.0,1037.0,11.6,216.0
1206.0,986.0,10.2,143.0
1252.0,1016.0,11.0,160.0
1287.0,1078.0,12.8,163.0
1353.0,1122.0,14.2,190.0
1309.0,1073.0,12.7,178.0
1274.0,1041.0,11.7,150.0
1510.0,1277.0,19.3,206.0
1525.0,1246.0,18.2,202.0
1843.0,1610.0,32.6,340.0
1598.0,1299.0,20.1,274.0
1484.0,1127.0,14.3,253.0
1677.0,1346.0,21.8,300.0
1280.0,964.0,9.6,193.0
1196.0,873.0,7.4,139.0
1184.0,782.0,5.4,83.0
1172.0,783.0,5.4,180.0
1147.0,821.0,6.2,109.0
978.0,625.0,2.6,62.0
1100.0,646.0,2.9,53.0
1112.0,770.0,5.1,139.0
1336.0,1043.0,11.8,256.0
1408.0,1153.0,15.1,295.0
1447.0,1081.0,12.9,250.0
1542.0,1184.0,16.1,296.0
1451.0,1117.0,14.0,239.0
1328.0,1059.0,12.3,153.0
1207.0,924.0,8.6,118.0
1240.0,947.0,9.2,119.0
1306.0,987.0,10.2,138.0
1326.0,1000.0,10.6,148.0
1473.0,1163.0,15.5,227.0
1609.0,1286.0,19.6,277.0
1611.0,1274.0,19.2,279.0
1621.0,1247.0,18.3,283.0
1444.0,1089.0,13.1,214.0
1418.0,1010.0,10.9,172.0
1534.0,1013.0,11.0,190.0
1484.0,1045.0,11.9,174.0
1367.0,925.0,8.6,128.0
1344.0,968.0,9.7,180.0
1130.0,773.0,5.2,70.0
1062.0,691.0,3.7,53.0
1076.0,618.0,2.5,44.0
1028.0,615.0,2.4,74.0
1155.0,722.0,4.2,101.0
1235.0,828.0,6.4,118.0
1332.0,923.0,8.6,144.0
1445.0,1009.0,10.9,176.0
1416.0,1002.0,10.7,161.0
1281.0,880.0,7.5,113.0
1207.0,879.0,7.5,103.0
1258.0,906.0,8.2,112.0
1458.0,1045.0,11.9,170.0
1438.0,1051.0,12.0,180.0
1478.0,1055.0,12.2,160.0
1808.0,1312.0,20.6,261.0
1898.0,1381.0,23.1,325.0
1560.0,1140.0,14.7,217.0
1324.0,940.0,9.0,146.0
1349.0,933.0,8.8,152.0
1239.0,872.0,7.4,104.0
1239.0,853.0,6.9,106.0
1224.0,855.0,7.0,108.0
1078.0,734.0,4.4,180.0
1078.0,711.0,4.0,66.0
1075.0,703.0,3.9,88.0
1157.0,830.0,6.4,138.0
1314.0,966.0,9.7,228.0
1797.0,1451.0,25.9,360.0
1961.0,1701.0,36.7,478.0
1771.0,1470.0,26.6,394.0
1564.0,1300.0,20.1,319.0
1430.0,1120.0,14.1,201.0
1417.0,1146.0,14.9,171.0
1400.0,1162.0,15.4,159.0
1317.0,1053.0,12.1,153.0
1318.0,1033.0,11.5,143.0
1445.0,1141.0,14.8,156.0
1917.0,1601.0,32.1,314.0
2040.0,1754.0,39.2,404.0
1895.0,1573.0,31.0,320.0
1595.0,1294.0,19.9,256.0
1439.0,1159.0,15.3,193.0
1142.0,852.0,6.9,89.0
1304.0,1019.0,11.1,127.0
1074.0,784.0,5.4,79.0
968.0,640.0,2.8,43.0
929.0,608.0,2.3,180.0
941.0,626.0,2.6,59.0
937.0,585.0,2.0,38.0
1017.0,681.0,3.5,82.0
1171.0,770.0,5.1,99.0
1541.0,1185.0,16.2,263.0
1539.0,1287.0,19.7,229.0
1735.0,1431.0,25.1,396.0
1571.0,1297.0,20.0,314.0
1452.0,1250.0,18.3,217.0
1579.0,1359.0,22.3,252.0
1466.0,1309.0,20.4,263.0
1280.0,1136.0,14.6,180.0
1407.0,1197.0,16.6,184.0
1389.0,1173.0,15.8,190.0
1447.0,1235.0,17.8,184.0
1551.0,1271.0,19.1,181.0
1474.0,1173.0,15.8,166.0
1800.0,1426.0,24.9,317.0
1379.0,1101.0,13.5,184.0
1201.0,943.0,9.1,130.0
1205.0,925.0,8.6,132.0
1072.0,784.0,5.4,95.0
998.0,714.0,4.1,70.0
933.0,625.0,2.6,180.0
883.0,577.0,1.9,54.0
869.0,554.0,1.6,28.0
891.0,576.0,1.9,46.0
1173.0,878.0,7.5,160.0
1587.0,1334.0,21.4,320.0
1852.0,1696.0,36.4,377.0
1522.0,1331.0,21.3,280.0
1438.0,1161.0,15.4,221.0
1393.0,1067.0,12.5,210.0
1452.0,1152.0,15.1,204.0
1389.0,1108.0,13.7,161.0
1207.0,994.0,10.4,135.0
1365.0,1154.0,15.2,186.0
1247.0,1060.0,12.3,147.0
1557.0,1478.0,27.0,299.0
1973.0,1737.0,38.4,411.0
1975.0,1667.0,35.1,347.0
1795.0,1485.0,27.2,336.0
1444.0,1150.0,15.0,202.0
1488.0,1171.0,15.7,178.0
1371.0,1083.0,13.0,154.0
1161.0,904.0,8.1,92.0
1064.0,787.0,5.5,61.0
970.0,687.0,3.6,180.0
954.0,645.0,2.9,60.0
931.0,623.0,2.5,37.0
938.0,650.0,3.0,68.0
1166.0,885.0,7.7,139.0
1643.0,1384.0,23.3,339.0
1934.0,1682.0,35.8,421.0
1617.0,1333.0,21.3,349.0
1473.0,1127.0,14.3,224.0
1379.0,1068.0,12.5,171.0
1385.0,1056.0,12.2,149.0
1379.0,1087.0,13.1,137.0
1322.0,1129.0,14.4,149.0
1496.0,1205.0,16.8,172.0
1409.0,1131.0,14.5,166.0
1513.0,1338.0,21.5,214.0
1667.0,1464.0,26.4,280.0
1667.0,1453.0,26.0,276.0
1430.0,1121.0,14.1,178.0
1333.0,989.0,10.3,129.0
1262.0,911.0,8.3,95.0
1287.0,936.0,8.9,126.0
1134.0,840.0,6.6,103.0
999.0,688.0,3.6,48.0
961.0,622.0,2.5,180.0
934.0,569.0,1.8,20.0
913.0,525.0,1.3,18.0
969.0,607.0,2.3,56.0
1182.0,845.0,6.7,115.0
1740.0,1372.0,22.8,320.0
1819.0,1582.0,31.3,357.0
1427.0,1275.0,19.2,253.0
1390.0,1191.0,16.4,218.0
1283.0,1117.0,14.0,192.0
1304.0,1157.0,15.3,176.0
1364.0,1202.0,16.7,198.0
1410.0,1268.0,19.0,212.0
1476.0,1280.0,19.4,249.0
1522.0,1320.0,20.9,270.0
1442.0,1301.0,20.2,231.0
1469.0,1344.0,21.7,251.0
1467.0,1292.0,19.8,210.0
1421.0,1202.0,16.7,249.0
1175.0,945.0,9.1,143.0
1215.0,912.0,8.3,127.0
1127.0,802.0,5.8,104.0
1090.0,773.0,5.2,86.0
1017.0,718.0,4.1,74.0
997.0,677.0,3.4,180.0
945.0,646.0,2.9,44.0
956.0,661.0,3.1,42.0
966.0,622.0,2.5,63.0
1064.0,728.0,4.3,115.0
1300.0,935.0,8.9,170.0
1348.0,998.0,10.5,147.0
1425.0,1068.0,12.5,166.0
1474.0,1061.0,12.3,195.0
1490.0,1039.0,11.7,182.0
1495.0,1040.0,11.7,168.0
1376.0,953.0,9.3,125.0
1305.0,884.0,7.6,95.0
1283.0,844.0,6.7,79.0
1392.0,967.0,9.7,119.0
1452.0,1063.0,12.4,142.0
1633.0,1199.0,16.6,215.0
1625.0,1191.0,16.4,229.0
1535.0,1108.0,13.7,206.0
1323.0,973.0,9.9,147.0
1309.0,937.0,8.9,122.0
1456.0,999.0,10.6,175.0
1300.0,872.0,7.4,133.0
1203.0,823.0,6.2,89.0
1195.0,836.0,6.5,180.0
1117.0,802.0,5.8,85.0
1062.0,711.0,4.0,55.0
947.0,594.0,2.1,24.0
1065.0,687.0,3.6,72.0
1155.0,734.0,4.4,122.0
1220.0,782.0,5.4,111.0
1301.0,862.0,7.1,123.0
1279.0,870.0,7.3,106.0
1267.0,883.0,7.6,103.0
1239.0,848.0,6.8,102.0
1128.0,742.0,4.6,48.0
1243.0,916.0,8.4,63.0
1208.0,853.0,6.9,98.0
1306.0,938.0,9.0,132.0
1546.0,1151.0,15.1,173.0
1501.0,1071.0,12.6,185.0
1605.0,1153.0,15.1,266.0
1316.0,974.0,9.9,188.0
1195.0,898.0,8.0,122.0
1211.0,896.0,7.9,112.0
1161.0,815.0,6.1,93.0
1095.0,767.0,5.1,74.0
897.0,563.0,1.7,23.0
842.0,468.0,0.7,180.0
854.0,481.0,0.8,17.0
845.0,472.0,0.7,15.0
942.0,586.0,2.0,41.0
1090.0,768.0,5.1,86.0
1514.0,1230.0,17.7,226.0
1379.0,1252.0,18.4,214.0
1074.0,854.0,6.9,115.0
1090.0,868.0,7.3,124.0
1110.0,964.0,9.6,122.0
1102.0,994.0,10.4,107.0
1100.0,1021.0,11.2,133.0
1094.0,1003.0,10.7,130.0
1076.0,1034.0,11.6,150.0
1152.0,1062.0,12.4,138.0
1407.0,1249.0,18.3,213.0
1438.0,1325.0,21.0,232.0
1425.0,1325.0,21.0,238.0
1279.0,1131.0,14.5,180.0
1132.0,916.0,8.4,128.0
1006.0,729.0,4.3,65.0
982.0,700.0,3.8,53.0
969.0,636.0,2.7,47.0
941.0,621.0,2.5,51.0
892.0,522.0,1.2,180.0
855.0,478.0,0.8,20.0
834.0,459.0,0.6,13.0
909.0,567.0,1.8,33.0
1061.0,745.0,4.6,103.0
1441.0,1124.0,14.2,224.0
1498.0,1325.0,21.0,244.0
1343.0,1185.0,16.2,237.0
1308.0,1166.0,15.5,220.0
1209.0,1097.0,13.4,207.0
1310.0,1207.0,16.9,208.0
1171.0,1064.0,12.4,160.0
1112.0,980.0,10.1,131.0
1132.0,927.0,8.7,128.0
1225.0,1111.0,13.8,176.0
1065.0,953.0,9.3,107.0
1236.0,1084.0,13.0,131.0
1309.0,1126.0,14.3,166.0
1089.0,884.0,7.6,89.0
1000.0,776.0,5.3,81.0
1041.0,782.0,5.4,78.0
1045.0,756.0,4.9,70.0
997.0,744.0,4.6,76.0
948.0,634.0,2.7,43.0
878.0,551.0,1.6,180.0
908.0,559.0,1.7,44.0
892.0,522.0,1.2,34.0
954.0,561.0,1.7,43.0
1045.0,751.0,4.8,79.0
1383.0,1109.0,13.8,174.0
1597.0,1395.0,23.7,235.0
1318.0,1124.0,14.2,218.0
1138.0,898.0,8.0,136.0
1098.0,842.0,6.7,117.0
1118.0,927.0,8.7,119.0
1170.0,1009.0,10.8,126.0
1112.0,842.0,6.7,100.0
1390.0,1028.0,11.4,197.0
1353.0,1096.0,13.4,195.0
1260.0,1050.0,12.0,156.0
1501.0,1302.0,20.2,247.0
1273.0,1130.0,14.4,190.0
1179.0,955.0,9.4,169.0
1047.0,809.0,5.9,118.0
973.0,739.0,4.5,81.0
997.0,737.0,4.5,80.0
970.0,621.0,2.5,42.0
902.0,568.0,1.8,38.0
921.0,538.0,1.4,180.0
858.0,490.0,0.9,18.0
878.0,457.0,0.6,12.0
893.0,540.0,1.4,43.0
1038.0,697.0,3.8,84.0
1320.0,1035.0,11.6,184.0
1353.0,1235.0,17.8,202.0
1133.0,933.0,8.8,133.0
1066.0,849.0,6.8,130.0
1027.0,809.0,5.9,106.0
1106.0,935.0,8.9,132.0
1038.0,907.0,8.2,106.0
1084.0,924.0,8.6,125.0
1105.0,982.0,10.1,138.0
1102.0,957.0,9.4,120.0
1240.0,1137.0,14.6,158.0
1443.0,1418.0,24.6,253.0
1389.0,1341.0,21.6,231.0
1183.0,989.0,10.3,150.0
1014.0,798.0,5.7,99.0
979.0,736.0,4.5,75.0
1048.0,787.0,5.5,93.0
1024.0,753.0,4.8,79.0
974.0,690.0,3.6,67.0
862.0,561.0,1.7,180.0
925.0,602.0,2.2,45.0
952.0,654.0,3.0,72.0
1005.0,713.0,4.0,103.0
1122.0,842.0,6.7,132.0
1351.0,1201.0,16.7,239.0
1408.0,1278.0,19.3,275.0
1304.0,1142.0,14.8,232.0
1207.0,1098.0,13.4,180.0
1099.0,1014.0,11.0,112.0
1106.0,1068.0,12.5,116.0
1009.0,916.0,8.4,103.0
962.0,776.0,5.3,89.0
1093.0,933.0,8.8,112.0
1180.0,1023.0,11.2,127.0
1168.0,1037.0,11.6,125.0
1168.0,1063.0,12.4,120.0
1140.0,1000.0,10.6,120.0
1001.0,811.0,6.0,99.0
953.0,743.0,4.6,79.0
972.0,715.0,4.1,66.0
1021.0,776.0,5.2,94.0
940.0,664.0,3.2,70.0
1046.0,736.0,4.5,75.0
1026.0,699.0,3.8,180.0
983.0,698.0,3.8,57.0
915.0,578.0,1.9,32.0
935.0,615.0,2.4,54.0
976.0,669.0,3.3,68.0
1124.0,842.0,6.7,98.0
1163.0,919.0,8.5,128.0
1167.0,966.0,9.7,129.0
1121.0,955.0,9.4,130.0
1071.0,940.0,9.0,111.0
1065.0,979.0,10.0,106.0
1157.0,1072.0,12.6,137.0
1046.0,883.0,7.6,113.0
1147.0,1042.0,11.8,122.0
1119.0,1022.0,11.2,137.0
1210.0,1062.0,12.4,165.0
1306.0,1079.0,12.9,196.0
1258.0,1057.0,12.2,174.0
1148.0,930.0,8.8,140.0
1108.0,848.0,6.8,102.0
1231.0,924.0,8.6,130.0
1293.0,937.0,8.9,121.0
1274.0,912.0,8.3,111.0
1135.0,827.0,6.3,87.0
1151.0,911.0,8.3,180.0
1010.0,769.0,5.1,77.0
870.0,626.0,2.6,39.0
983.0,688.0,3.6,77.0
995.0,691.0,3.6,91.0
1024.0,747.0,4.7,105.0
1163.0,880.0,7.5,133.0
1218.0,938.0,9.0,128.0
1210.0,958.0,9.5,126.0
1114.0,887.0,7.7,92.0
995.0,796.0,5.7,66.0
927.0,700.0,3.8,50.0
1002.0,754.0,4.8,70.0
987.0,727.0,4.3,73.0
993.0,714.0,4.1,77.0
1012.0,746.0,4.7,86.0
1114.0,823.0,6.2,93.0
1093.0,789.0,5.5,105.0
968.0,669.0,3.3,67.0
960.0,666.0,3.2,63.0
942.0,648.0,2.9,63.0
888.0,598.0,2.2,46.0
818.0,524.0,1.3,21.0
840.0,509.0,1.1,22.0
894.0,524.0,1.3,180.0
864.0,516.0,1.2,39.0
898.0,559.0,1.7,55.0
946.0,643.0,2.9,76.0
1309.0,1125.0,14.3,181.0
1326.0,1289.0,19.7,259.0
966.0,786.0,5.5,118.0
975.0,793.0,5.6,119.0
988.0,803.0,5.8,123.0
971.0,786.0,5.5,92.0
1010.0,833.0,6.5,91.0
984.0,790.0,5.5,103.0
962.0,776.0,5.2,102.0
1012.0,801.0,5.8,94.0
1058.0,896.0,7.9,98.0
1173.0,985.0,10.2,126.0
1127.0,907.0,8.2,108.0
1020.0,797.0,5.7,95.0
949.0,700.0,3.8,78.0
930.0,710.0,4.0,61.0
900.0,643.0,2.8,55.0
899.0,630.0,2.6,57.0
866.0,569.0,1.8,41.0
900.0,563.0,1.7,46.0
949.0,540.0,1.4,180.0
897.0,529.0,1.3,41.0
956.0,605.0,2.3,52.0
1054.0,779.0,5.3,111.0
1343.0,1096.0,13.4,191.0
1584.0,1399.0,23.8,244.0
1556.0,1337.0,21.5,283.0
1565.0,1324.0,21.0,320.0
1429.0,1251.0,18.4,249.0
1419.0,1267.0,18.9,219.0
1373.0,1213.0,17.1,200.0
1185.0,992.0,10.4,138.0
1122.0,897.0,8.0,118.0
1085.0,820.0,6.2,99.0
1249.0,968.0,9.7,112.0
1236.0,962.0,9.6,117.0
1334.0,1047.0,11.9,129.0
1264.0,928.0,8.7,132.0
1073.0,746.0,4.7,73.0
1053.0,701.0,3.8,68.0
1098.0,747.0,4.7,80.0
1029.0,702.0,3.8,68.0
973.0,631.0,2.7,44.0
972.0,639.0,2.8,47.0
832.0,496.0,1.0,180.0
851.0,477.0,0.8,15.0
909.0,545.0,1.5,44.0
1038.0,684.0,3.5,85.0
1636.0,1168.0,15.6,207.0
1580.0,1295.0,19.9,230.0
1262.0,924.0,8.6,181.0
1197.0,837.0,6.5,144.0
1277.0,886.0,7.7,140.0
1430.0,1025.0,11.3,204.0
1242.0,944.0,9.1,149.0
1349.0,1023.0,11.2,171.0
1390.0,1100.0,13.5,195.0
1224.0,980.0,10.1,152.0
1253.0,1026.0,11.3,128.0
1312.0,1041.0,11.8,121.0
1254.0,1033.0,11.5,142.0
1198.0,953.0,9.3,131.0
1060.0,787.0,5.5,81.0
1050.0,769.0,5.1,60.0
1029.0,754.0,4.8,57.0
1143.0,825.0,6.3,96.0
1044.0,770.0,5.1,85.0
1034.0,716.0,4.1,50.0
956.0,713.0,4.0,180.0
909.0,615.0,2.4,57.0
996.0,648.0,2.9,64.0
1154.0,876.0,7.4,153.0
1510.0,1291.0,19.8,342.0
1722.0,1595.0,31.9,378.0
1512.0,1323.0,21.0,304.0
1258.0,1040.0,11.7,192.0
1094.0,850.0,6.8,130.0
1129.0,875.0,7.4,106.0
1125.0,924.0,8.6,102.0
1063.0,909.0,8.2,99.0
1063.0,909.0,8.2,108.0
1063.0,909.0,8.2,131.0
1308.0,1193.0,16.4,163.0
1529.0,1331.0,21.2,211.0
1592.0,1429.0,25.0,267.0
1536.0,1302.0,20.2,269.0
1192.0,1007.0,10.8,154.0
1186.0,976.0,9.9,127.0
1203.0,920.0,8.5,122.0
1139.0,899.0,8.0,126.0
1072.0,795.0,5.6,84.0
954.0,667.0,3.2,58.0
951.0,673.0,3.3,180.0
926.0,638.0,2.8,37.0
968.0,628.0,2.6,56.0
1067.0,727.0,4.3,91.0
1386.0,1083.0,13.0,159.0
1474.0,1306.0,20.3,190.0
1569.0,1316.0,20.7,249.0
1375.0,1177.0,15.9,196.0
1328.0,1123.0,14.2,180.0
1341.0,1176.0,15.9,167.0
1297.0,1183.0,16.1,159.0
1303.0,1139.0,14.7,152.0
1281.0,1116.0,14.0,149.0
1248.0,1103.0,13.6,143.0
1382.0,1288.0,19.7,185.0
1491.0,1385.0,23.3,223.0
1620.0,1407.0,24.1,215.0
1693.0,1439.0,25.4,271.0
1374.0,1121.0,14.1,180.0
1287.0,982.0,10.1,115.0
1408.0,1052.0,12.1,149.0
1254.0,941.0,9.0,98.0
1141.0,827.0,6.3,73.0
1141.0,777.0,5.3,69.0
1042.0,697.0,3.8,180.0
986.0,651.0,3.0,60.0
1005.0,673.0,3.3,56.0
1041.0,683.0,3.5,73.0
1272.0,959.0,9.5,159.0
1436.0,1154.0,15.2,203.0
1472.0,1126.0,14.3,211.0
1418.0,1023.0,11.2,180.0
1410.0,1030.0,11.4,180.0
1438.0,1096.0,13.4,180.0
1278.0,1000.0,10.6,180.0
1257.0,1006.0,10.8,180.0
1331.0,1046.0,11.9,180.0
1361.0,1102.0,13.5,180.0
1398.0,1156.0,15.2,180.0
1483.0,1213.0,17.1,180.0
1697.0,1471.0,26.7,180.0
1459.0,1124.0,14.2,180.0
1268.0,918.0,8.5,180.0
1469.0,1128.0,14.3,180.0
1316.0,952.0,9.3,180.0
1224.0,892.0,7.8,180.0
1215.0,843.0,6.7,180.0
1115.0,782.0,5.4,180.0
1124.0,793.0,5.6,180.0
1028.0,682.0,3.5,180.0
1010.0,650.0,3.0,180.0
1074.0,731.0,4.4,180.0
1034.0,684.0,3.5,180.0
1130.0,720.0,4.2,180.0
1275.0,900.0,8.0,180.0
1324.0,939.0,9.0,180.0
1268.0,902.0,8.1,180.0
1272.0,924.0,8.6,180.0
1160.0,860.0,7.1,180.0
1136.0,792.0,5.6,180.0
1296.0,977.0,10.0,180.0
1345.0,996.0,10.5,180.0
1296.0,983.0,10.1,180.0
1258.0,977.0,10.0,180.0
1420.0,1085.0,13.0,180.0
1366.0,997.0,10.5,180.0
1113.0,772.0,5.2,180.0
1196.0,853.0,6.9,180.0
1188.0,829.0,6.4,180.0
1102.0,750.0,4.7,180.0
969.0,611.0,2.4,180.0
983.0,600.0,2.2,180.0
876.0,505.0,1.1,180.0
884.0,489.0,0.9,180.0
1024.0,658.0,3.1,180.0
1126.0,822.0,6.2,180.0
1415.0,1089.0,13.2,180.0
1631.0,1449.0,25.8,180.0
1499.0,1247.0,18.2,180.0
1461.0,1127.0,14.3,236.0
1430.0,1107.0,13.7,228.0
1498.0,1171.0,15.7,206.0
1454.0,1162.0,15.4,188.0
1402.0,1069.0,12.6,158.0
1327.0,971.0,9.8,124.0
1273.0,963.0,9.6,98.0
1457.0,1190.0,16.3,160.0
1543.0,1290.0,19.8,194.0
1499.0,1239.0,18.0,174.0
1378.0,1102.0,13.6,157.0
1243.0,928.0,8.7,109.0
1196.0,885.0,7.7,85.0
1137.0,869.0,7.3,90.0
1015.0,718.0,4.1,61.0
978.0,635.0,2.7,36.0
933.0,547.0,1.5,25.0
927.0,579.0,1.9,180.0
908.0,569.0,1.8,24.0
980.0,677.0,3.4,73.0
1236.0,920.0,8.5,164.0
1664.0,1407.0,24.1,329.0
1757.0,1636.0,33.7,302.0
1524.0,1350.0,22.0,256.0
1329.0,1119.0,14.1,182.0
1167.0,884.0,7.6,105.0
1369.0,1132.0,14.5,136.0
1284.0,1103.0,13.6,167.0
1221.0,1032.0,11.5,166.0
1096.0,947.0,9.2,115.0
1143.0,988.0,10.3,109.0
1251.0,1116.0,14.0,143.0
1268.0,1148.0,15.0,159.0
1314.0,1150.0,15.1,181.0
1315.0,1142.0,14.8,178.0
1095.0,918.0,8.5,91.0
1027.0,808.0,5.9,76.0
1012.0,752.0,4.8,66.0
948.0,710.0,4.0,56.0
889.0,603.0,2.3,35.0
830.0,538.0,1.4,21.0
801.0,464.0,0.7,180.0
804.0,468.0,0.7,12.0
824.0,478.0,0.8,22.0
1000.0,688.0,3.6,55.0
1307.0,1082.0,12.9,152.0
1286.0,1171.0,15.7,153.0
1150.0,925.0,8.6,152.0
1087.0,876.0,7.4,112.0
1016.0,839.0,6.6,119.0
1029.0,892.0,7.8,122.0
1109.0,943.0,9.1,115.0
997.0,817.0,6.1,84.0
1177.0,880.0,7.5,146.0
1045.0,808.0,5.9,65.0
1171.0,1073.0,12.7,120.0
1221.0,1101.0,13.5,185.0
1262.0,1133.0,14.5,157.0
1207.0,1013.0,11.0,174.0
956.0,666.0,3.2,62.0
1020.0,727.0,4.3,81.0
1107.0,861.0,7.1,118.0
1020.0,752.0,4.8,95.0
1051.0,798.0,5.7,84.0
965.0,716.0,4.1,56.0
890.0,672.0,3.3,180.0
823.0,568.0,1.8,43.0
869.0,642.0,2.8,69.0
939.0,754.0,4.8,74.0
1274.0,1109.0,13.8,161.0
1512.0,1482.0,27.1,308.0
1435.0,1271.0,19.1,300.0
1207.0,1041.0,11.7,189.0
1223.0,1075.0,12.7,164.0
1121.0,1026.0,11.3,122.0
1176.0,1123.0,14.2,166.0
1144.0,1114.0,13.9,181.0
1136.0,1089.0,13.2,127.0
1085.0,1004.0,10.7,106.0
1297.0,1287.0,19.7,192.0
1408.0,1404.0,24.0,241.0
1618.0,1530.0,29.1,326.0
1319.0,1172.0,15.8,232.0
1045.0,857.0,7.0,92.0
1058.0,824.0,6.3,95.0
1063.0,909.0,8.2,129.0
1063.0,909.0,8.2,154.0
1063.0,909.0,8.2,118.0
1063.0,909.0,8.2,69.0
1063.0,909.0,8.2,180.0
1063.0,909.0,8.2,97.0
1063.0,909.0,8.2,145.0
1063.0,909.0,8.2,169.0
1063.0,909.0,8.2,250.0
1063.0,909.0,8.2,215.0
1063.0,909.0,8.2,237.0
1063.0,909.0,8.2,190.0
1063.0,909.0,8.2,219.0
1063.0,909.0,8.2,294.0
1063.0,909.0,8.2,253.0
1063.0,909.0,8.2,176.0
1063.0,909.0,8.2,243.0
1063.0,909.0,8.2,214.0
1063.0,909.0,8.2,141.0
1063.0,909.0,8.2,166.0
1063.0,909.0,8.2,197.0
1063.0,909.0,8.2,191.0
1063.0,909.0,8.2,159.0
1063.0,909.0,8.2,175.0
1176.0,917.0,8.4,157.0
1047.0,783.0,5.4,83.0
1116.0,854.0,6.9,118.0
1074.0,832.0,6.4,101.0
922.0,687.0,3.6,180.0
898.0,669.0,3.3,46.0
970.0,708.0,4.0,81.0
1073.0,812.0,6.0,112.0
1081.0,906.0,8.2,150.0
1159.0,976.0,9.9,138.0
1112.0,931.0,8.8,124.0
1112.0,917.0,8.4,124.0
1063.0,877.0,7.5,115.0
1032.0,892.0,7.8,101.0
936.0,829.0,6.4,90.0
883.0,766.0,5.1,90.0
942.0,852.0,6.9,89.0
943.0,850.0,6.8,92.0
1007.0,875.0,7.4,103.0
1037.0,927.0,8.7,122.0
1127.0,1022.0,11.2,159.0
1123.0,996.0,10.5,172.0
1110.0,909.0,8.2,125.0
1247.0,1037.0,11.6,187.0
1220.0,967.0,9.7,174.0
1028.0,770.0,5.1,75.0
978.0,711.0,4.0,48.0
949.0,694.0,3.7,61.0
910.0,709.0,4.0,180.0
863.0,651.0,3.0,38.0
836.0,643.0,2.9,38.0
856.0,644.0,2.9,41.0
888.0,651.0,3.0,51.0
912.0,694.0,3.7,61.0
938.0,706.0,3.9,47.0
1053.0,823.0,6.2,87.0
1087.0,870.0,7.3,107.0
1153.0,945.0,9.2,161.0
894.0,710.0,4.0,61.0
797.0,606.0,2.3,26.0
854.0,658.0,3.1,42.0
892.0,665.0,3.2,55.0
935.0,672.0,3.3,65.0
989.0,709.0,4.0,75.0
1063.0,797.0,5.7,93.0
922.0,674.0,3.4,63.0
925.0,680.0,3.5,60.0
924.0,648.0,2.9,63.0
914.0,661.0,3.1,66.0
840.0,556.0,1.6,41.0
799.0,514.0,1.1,42.0
856.0,581.0,2.0,36.0
830.0,560.0,1.7,180.0
753.0,462.0,0.7,16.0
785.0,448.0,0.5,16.0
835.0,472.0,0.7,33.0
865.0,494.0,0.9,39.0
922.0,541.0,1.5,45.0
975.0,598.0,2.2,63.0
1040.0,646.0,2.9,71.0
1115.0,707.0,3.9,104.0
1004.0,641.0,2.8,85.0
895.0,536.0,1.4,53.0
917.0,563.0,1.7,58.0
1025.0,689.0,3.6,89.0
1035.0,660.0,3.1,96.0
1025.0,682.0,3.5,88.0
1040.0,705.0,3.9,100.0
1070.0,776.0,5.2,127.0
964.0,692.0,3.7,88.0
904.0,635.0,2.7,66.0
913.0,626.0,2.6,61.0
914.0,610.0,2.4,54.0
893.0,587.0,2.0,46.0
844.0,532.0,1.3,25.0
837.0,518.0,1.2,18.0
868.0,530.0,1.3,180.0
825.0,489.0,0.9,21.0
956.0,656.0,3.1,76.0
1124.0,853.0,6.9,149.0
1496.0,1272.0,19.1,328.0
1452.0,1354.0,22.1,282.0
1172.0,1042.0,11.8,206.0
1020.0,871.0,7.3,133.0
1044.0,900.0,8.0,137.0
1020.0,866.0,7.2,116.0
1009.0,885.0,7.7,112.0
1073.0,966.0,9.7,128.0
1098.0,971.0,9.8,145.0
1061.0,887.0,7.7,110.0
1289.0,1158.0,15.3,184.0
1442.0,1337.0,21.5,243.0
1479.0,1343.0,21.7,259.0
1266.0,1138.0,14.6,205.0
1149.0,952.0,9.3,144.0
1168.0,954.0,9.4,152.0
1079.0,847.0,6.8,108.0
1047.0,760.0,4.9,64.0
936.0,705.0,3.9,73.0
900.0,635.0,2.7,47.0
839.0,576.0,1.9,180.0
840.0,563.0,1.7,45.0
905.0,670.0,3.3,79.0
1079.0,875.0,7.4,113.0
1417.0,1246.0,18.2,263.0
1529.0,1497.0,27.7,275.0
1397.0,1248.0,18.3,263.0
1214.0,1061.0,12.3,183.0
1109.0,935.0,8.9,147.0
1122.0,993.0,10.4,132.0
1094.0,966.0,9.7,180.0
1164.0,1076.0,12.8,180.0
1188.0,1082.0,12.9,180.0
1098.0,934.0,8.9,180.0
1180.0,1014.0,11.0,180.0
1195.0,1072.0,12.6,180.0
1234.0,1095.0,13.3,180.0
1425.0,1242.0,18.1,180.0
1320.0,1085.0,13.0,180.0
1158.0,892.0,7.8,180.0
1060.0,805.0,5.8,180.0
1036.0,746.0,4.7,180.0
943.0,660.0,3.1,180.0
899.0,591.0,2.1,180.0
889.0,559.0,1.7,180.0
847.0,527.0,1.3,180.0
918.0,625.0,2.6,180.0
1105.0,897.0,7.9,180.0
1491.0,1335.0,21.4,180.0
1508.0,1355.0,22.1,180.0
1489.0,1270.0,19.1,309.0
1451.0,1219.0,17.3,327.0
1454.0,1225.0,17.5,299.0
1392.0,1210.0,17.0,257.0
1351.0,1210.0,17.0,195.0
1418.0,1282.0,19.5,231.0
1303.0,1143.0,14.8,170.0
1292.0,1116.0,14.0,192.0
1560.0,1413.0,24.4,251.0
1765.0,1507.0,28.1,289.0
1875.0,1637.0,33.7,351.0
1746.0,1409.0,24.2,319.0
1607.0,1290.0,19.8,264.0
1277.0,952.0,9.3,144.0
1207.0,868.0,7.3,119.0
1209.0,863.0,7.1,120.0
1189.0,844.0,6.7,96.0
1132.0,810.0,6.0,77.0
974.0,635.0,2.7,180.0
1033.0,686.0,3.6,63.0
1075.0,782.0,5.4,97.0
1242.0,978.0,10.0,180.0
1657.0,1384.0,23.2,352.0
1406.0,1258.0,18.7,279.0
1150.0,973.0,9.9,186.0
1184.0,983.0,10.2,169.0
1223.0,1014.0,11.0,172.0
1196.0,997.0,10.5,127.0
1559.0,1267.0,18.9,230.0
1544.0,1266.0,18.9,280.0
1485.0,1223.0,17.5,242.0
1498.0,1230.0,17.7,250.0
1593.0,1378.0,23.0,309.0
1529.0,1309.0,20.4,270.0
1689.0,1474.0,26.8,323.0
1535.0,1295.0,19.9,307.0
1304.0,1067.0,12.5,224.0
1235.0,963.0,9.6,166.0
1281.0,977.0,10.0,171.0
1167.0,904.0,8.1,169.0
1134.0,863.0,7.1,120.0
1100.0,829.0,6.4,103.0
1057.0,768.0,5.1,180.0
902.0,652.0,3.0,180.0
982.0,724.0,4.2,180.0
997.0,769.0,5.1,180.0
1141.0,902.0,8.1,180.0
1163.0,930.0,8.8,180.0
1107.0,864.0,7.2,180.0
1228.0,949.0,9.2,180.0
1033.0,810.0,6.0,180.0
984.0,763.0,5.0,180.0
1066.0,879.0,7.5,180.0
926.0,707.0,3.9,180.0
979.0,764.0,5.0,180.0
993.0,783.0,5.4,180.0
970.0,763.0,5.0,180.0
997.0,788.0,5.5,180.0
1097.0,892.0,7.8,180.0
1105.0,908.0,8.2,180.0
993.0,777.0,5.3,180.0
1136.0,896.0,7.9,180.0
1297.0,1003.0,10.7,180.0
1110.0,855.0,6.9,180.0
1027.0,827.0,6.3,180.0
1024.0,795.0,5.6,180.0
992.0,783.0,5.4,180.0
929.0,664.0,3.2,180.0
892.0,579.0,1.9,180.0
895.0,609.0,2.3,180.0
915.0,612.0,2.4,180.0
947.0,649.0,2.9,180.0
1032.0,721.0,4.2,180.0
1219.0,849.0,6.8,180.0
1217.0,869.0,7.3,180.0
1097.0,779.0,5.3,180.0
938.0,674.0,3.4,180.0
944.0,677.0,3.4,180.0
1139.0,847.0,6.8,180.0
1163.0,859.0,7.0,180.0
1157.0,885.0,7.7,180.0
1154.0,919.0,8.5,180.0
1342.0,1102.0,13.5,180.0
1178.0,949.0,9.2,180.0
1152.0,926.0,8.7,180.0
1078.0,841.0,6.6,180.0
1167.0,945.0,9.1,180.0
1111.0,890.0,7.8,180.0
988.0,722.0,4.2,180.0
917.0,677.0,3.4,180.0
850.0,562.0,1.7,180.0
885.0,589.0,2.1,180.0
888.0,597.0,2.2,180.0
1101.0,852.0,6.9,180.0
1399.0,1195.0,16.5,180.0
1325.0,1260.0,18.7,180.0
1058.0,921.0,8.5,180.0
990.0,846.0,6.8,180.0
1018.0,879.0,7.5,180.0
1105.0,1010.0,10.9,180.0
1194.0,1097.0,13.4,180.0
1088.0,893.0,7.9,180.0
1084.0,933.0,8.8,180.0
1207.0,1032.0,11.5,180.0
1186.0,1042.0,11.8,180.0
1053.0,911.0,8.3,180.0
1032.0,895.0,7.9,180.0
989.0,846.0,6.7,180.0
930.0,745.0,4.6,180.0
951.0,766.0,5.0,180.0
985.0,780.0,5.3,180.0
937.0,703.0,3.9,180.0
887.0,648.0,2.9,180.0
806.0,544.0,1.5,180.0
771.0,483.0,0.8,180.0
802.0,519.0,1.2,180.0
878.0,644.0,2.9,180.0
1070.0,883.0,7.6,180.0
1430.0,1316.0,20.7,180.0
1565.0,1549.0,29.9,180.0
1365.0,1299.0,20.1,180.0
1348.0,1214.0,17.1,180.0
1311.0,1279.0,19.4,180.0
1302.0,1260.0,18.7,180.0
1250.0,1173.0,15.8,180.0
1083.0,988.0,10.3,180.0
1005.0,894.0,7.9,180.0
1129.0,1107.0,13.7,180.0
1327.0,1289.0,19.7,180.0
1428.0,1437.0,25.3,180.0
1426.0,1400.0,23.9,180.0
1310.0,1313.0,20.6,180.0
1114.0,1059.0,12.3,180.0
991.0,889.0,7.7,180.0
1089.0,940.0,9.0,180.0
911.0,740.0,4.5,180.0
1005.0,802.0,5.8,180.0
863.0,664.0,3.2,180.0
857.0,653.0,3.0,180.0
804.0,585.0,2.0,180.0
871.0,694.0,3.7,180.0
1035.0,929.0,8.7,180.0
1513.0,1480.0,27.0,180.0
1726.0,1776.0,40.3,180.0
1396.0,1296.0,20.0,180.0
1333.0,1212.0,17.1,180.0
1161.0,1016.0,11.0,180.0
1081.0,1000.0,10.6,180.0
1075.0,998.0,10.5,180.0
1055.0,964.0,9.6,180.0
1053.0,953.0,9.3,180.0
1087.0,1075.0,12.7,180.0
1304.0,1291.0,19.8,180.0
1625.0,1608.0,32.5,180.0
1649.0,1633.0,33.6,180.0
1443.0,1455.0,26.0,180.0
1209.0,1193.0,16.4,180.0
1105.0,1000.0,10.6,180.0
1020.0,863.0,7.1,180.0
991.0,828.0,6.4,180.0
937.0,741.0,4.6,180.0
882.0,654.0,3.0,180.0
843.0,597.0,2.2,180.0
819.0,565.0,1.7,180.0
834.0,596.0,2.2,180.0
977.0,800.0,5.7,180.0
1234.0,1109.0,13.8,180.0
1403.0,1340.0,21.6,180.0
1538.0,1458.0,26.1,180.0
1343.0,1299.0,20.1,180.0
1243.0,1162.0,15.4,180.0
1201.0,1102.0,13.6,180.0
1121.0,1020.0,11.1,180.0
1087.0,1055.0,12.2,180.0
1165.0,1225.0,17.5,180.0
1224.0,1270.0,19.1,180.0
1431.0,1482.0,27.1,180.0
1433.0,1510.0,28.3,180.0
1527.0,1664.0,35.0,180.0
1387.0,1361.0,22.4,180.0
1158.0,1100.0,13.5,180.0
1009.0,907.0,8.2,180.0
1026.0,890.0,7.8,180.0
1119.0,979.0,10.0,180.0
1000.0,839.0,6.6,180.0
866.0,675.0,3.4,180.0
848.0,642.0,2.8,180.0
844.0,608.0,2.3,180.0
852.0,646.0,2.9,59.0
923.0,757.0,4.9,72.0
1490.0,1368.0,22.6,244.0
1662.0,1576.0,31.1,351.0
1553.0,1354.0,22.1,358.0
1423.0,1247.0,18.3,245.0
1458.0,1350.0,22.0,240.0
1349.0,1299.0,20.1,179.0
1326.0,1265.0,18.9,160.0
1356.0,1312.0,20.6,174.0
1460.0,1438.0,25.3,260.0
1497.0,1449.0,25.8,281.0
1645.0,1566.0,30.6,284.0
1557.0,1483.0,27.1,250.0
1747.0,1608.0,32.5,281.0
1482.0,1319.0,20.8,230.0
1211.0,1010.0,10.9,98.0
1294.0,1083.0,13.0,121.0
1300.0,1043.0,11.8,110.0
1402.0,1098.0,13.4,161.0
1349.0,1097.0,13.4,148.0
1161.0,938.0,9.0,109.0
1022.0,802.0,5.8,180.0
948.0,700.0,3.8,45.0
933.0,697.0,3.7,71.0
1021.0,800.0,5.7,75.0
1134.0,979.0,10.0,106.0
1311.0,1147.0,15.0,166.0
1409.0,1169.0,15.6,188.0
1301.0,1059.0,12.3,161.0
1354.0,1130.0,14.4,139.0
1391.0,1136.0,14.6,134.0
1200.0,929.0,8.7,84.0
1338.0,1016.0,11.0,98.0
1223.0,938.0,9.0,91.0
1278.0,1003.0,10.7,99.0
1257.0,973.0,9.9,90.0
1497.0,1171.0,15.7,147.0
1567.0,1280.0,19.4,177.0
1503.0,1203.0,16.8,162.0
1169.0,850.0,6.8,88.0
1007.0,650.0,3.0,53.0
1004.0,667.0,3.2,68.0
967.0,661.0,3.1,61.0
984.0,707.0,3.9,71.0
931.0,689.0,3.6,63.0
966.0,737.0,4.5,180.0
777.0,521.0,1.2,23.0
763.0,471.0,0.7,14.0
804.0,505.0,1.1,34.0
830.0,535.0,1.4,42.0
833.0,553.0,1.6,40.0
875.0,603.0,2.3,48.0
882.0,621.0,2.5,61.0
862.0,635.0,2.7,58.0
863.0,636.0,2.7,57.0
830.0,596.0,2.2,54.0
807.0,584.0,2.0,41.0
873.0,675.0,3.4,57.0
931.0,739.0,4.5,83.0
918.0,748.0,4.7,81.0
1001.0,811.0,6.0,98.0
1169.0,1039.0,11.7,124.0
1085.0,907.0,8.2,133.0
940.0,769.0,5.1,100.0
1126.0,1083.0,13.0,116.0
978.0,858.0,7.0,102.0
893.0,703.0,3.9,55.0
838.0,601.0,2.2,33.0
803.0,527.0,1.3,17.0
775.0,477.0,0.8,180.0
767.0,454.0,0.6,10.0
809.0,521.0,1.2,35.0
898.0,676.0,3.4,70.0
1053.0,880.0,7.5,116.0
1033.0,934.0,8.9,134.0
941.0,780.0,5.3,113.0
941.0,782.0,5.4,110.0
917.0,772.0,5.2,98.0
977.0,837.0,6.6,96.0
994.0,851.0,6.9,95.0
942.0,785.0,5.4,86.0
981.0,810.0,6.0,86.0
984.0,832.0,6.4,91.0
1116.0,1003.0,10.7,119.0
1181.0,1114.0,13.9,147.0
1163.0,1068.0,12.5,135.0
1081.0,950.0,9.3,124.0
1017.0,842.0,6.7,89.0
966.0,778.0,5.3,79.0
924.0,709.0,4.0,63.0
861.0,601.0,2.2,39.0
826.0,560.0,1.7,25.0
846.0,557.0,1.6,19.0
842.0,545.0,1.5,180.0
909.0,617.0,2.5,34.0
930.0,670.0,3.3,58.0
1120.0,935.0,8.9,112.0
1518.0,1389.0,23.4,314.0
1461.0,1398.0,23.8,240.0
1075.0,896.0,7.9,128.0
1061.0,908.0,8.2,141.0
1066.0,931.0,8.8,118.0
1179.0,1137.0,14.6,132.0
1251.0,1238.0,18.0,150.0
1120.0,1048.0,12.0,121.0
1187.0,1142.0,14.8,149.0
1145.0,1066.0,12.5,120.0
1215.0,1164.0,15.5,155.0
1317.0,1231.0,17.7,172.0
1388.0,1341.0,21.6,177.0
1295.0,1266.0,18.9,181.0
1153.0,1066.0,12.5,135.0
1078.0,932.0,8.8,99.0
1133.0,1012.0,10.9,111.0
1055.0,899.0,8.0,72.0
953.0,735.0,4.4,54.0
892.0,639.0,2.8,41.0
895.0,632.0,2.7,180.0
859.0,602.0,2.2,24.0
856.0,619.0,2.5,29.0
1030.0,880.0,7.5,76.0
1689.0,1560.0,30.4,321.0
1486.0,1351.0,22.0,274.0
1592.0,1423.0,24.7,322.0
1469.0,1252.0,18.4,255.0
1364.0,1205.0,16.8,196.0
1285.0,1123.0,14.2,136.0
1311.0,1170.0,15.7,119.0
1416.0,1348.0,21.9,169.0
1387.0,1318.0,20.8,197.0
1329.0,1185.0,16.2,140.0
1496.0,1292.0,19.8,178.0
1676.0,1525.0,28.9,223.0
1724.0,1510.0,28.3,222.0
1642.0,1426.0,24.9,265.0
1267.0,1088.0,13.1,151.0
1146.0,923.0,8.6,79.0
1216.0,960.0,9.5,87.0
1128.0,891.0,7.8,88.0
1042.0,772.0,5.2,51.0
926.0,639.0,2.8,34.0
898.0,608.0,2.3,180.0
889.0,617.0,2.5,31.0
959.0,734.0,4.4,76.0
1097.0,956.0,9.4,139.0
1674.0,1547.0,29.8,293.0
1771.0,1690.0,36.2,368.0
1408.0,1241.0,18.0,250.0
1156.0,1009.0,10.9,145.0
1042.0,941.0,9.0,110.0
1167.0,1128.0,14.4,104.0
1398.0,1360.0,22.3,205.0
1458.0,1321.0,20.9,201.0
1554.0,1379.0,23.1,266.0
1495.0,1331.0,21.2,246.0
1560.0,1424.0,24.8,247.0
1664.0,1519.0,28.6,271.0
1761.0,1610.0,32.6,332.0
1524.0,1275.0,19.2,245.0
1398.0,1189.0,16.3,180.0
1342.0,1106.0,13.7,156.0
1433.0,1104.0,13.6,172.0
1297.0,1019.0,11.1,137.0
1179.0,884.0,7.6,91.0
1097.0,809.0,5.9,80.0
1054.0,761.0,5.0,180.0
1017.0,711.0,4.0,46.0
1005.0,738.0,4.5,68.0
1206.0,949.0,9.3,162.0
1458.0,1249.0,18.3,213.0
1405.0,1295.0,19.9,161.0
1381.0,1199.0,16.6,209.0
1315.0,1072.0,12.6,191.0
1332.0,1082.0,12.9,215.0
1362.0,1145.0,14.9,212.0
1399.0,1222.0,17.4,202.0
1310.0,1160.0,15.4,153.0
1399.0,1201.0,16.7,185.0
1524.0,1239.0,18.0,210.0
1487.0,1274.0,19.2,215.0
1480.0,1324.0,21.0,215.0
1626.0,1476.0,26.9,281.0
1449.0,1282.0,19.5,254.0
1363.0,1152.0,15.1,189.0
1371.0,1136.0,14.6,174.0
1406.0,1107.0,13.7,167.0
1425.0,1155.0,15.2,185.0
1179.0,951.0,9.3,129.0
1047.0,833.0,6.5,85.0
1009.0,825.0,6.3,180.0
882.0,685.0,3.5,35.0
858.0,624.0,2.6,24.0
875.0,659.0,3.1,30.0
1012.0,833.0,6.5,75.0
1049.0,836.0,6.5,79.0
1131.0,932.0,8.8,104.0
1120.0,931.0,8.8,118.0
1117.0,946.0,9.2,105.0
1110.0,948.0,9.2,101.0
962.0,816.0,6.1,65.0
963.0,835.0,6.5,59.0
1050.0,948.0,9.2,80.0
1053.0,911.0,8.3,98.0
1045.0,910.0,8.3,89.0
1124.0,1013.0,11.0,114.0
1330.0,1140.0,14.7,195.0
1171.0,1006.0,10.8,156.0
1085.0,954.0,9.4,109.0
1358.0,1144.0,14.8,184.0
1385.0,1094.0,13.3,190.0
1167.0,914.0,8.4,105.0
1072.0,894.0,7.9,76.0
938.0,789.0,5.5,38.0
1000.0,838.0,6.6,180.0
854.0,670.0,3.3,26.0
815.0,628.0,2.6,33.0
866.0,689.0,3.6,57.0
911.0,751.0,4.8,48.0
988.0,806.0,5.9,87.0
1046.0,851.0,6.9,94.0
1085.0,918.0,8.5,89.0
1008.0,816.0,6.1,78.0
1004.0,821.0,6.2,72.0
948.0,754.0,4.8,64.0
1026.0,847.0,6.8,70.0
1047.0,859.0,7.0,92.0
1018.0,790.0,5.5,69.0
1160.0,957.0,9.5,131.0
1269.0,1047.0,11.9,144.0
1394.0,1111.0,13.8,209.0
1292.0,1003.0,10.7,170.0
1212.0,966.0,9.7,152.0
1137.0,985.0,10.2,171.0
1080.0,910.0,8.3,153.0
1031.0,861.0,7.1,97.0
917.0,654.0,3.0,37.0
888.0,598.0,2.2,26.0
872.0,564.0,1.7,180.0
876.0,547.0,1.5,25.0
964.0,697.0,3.7,61.0
1147.0,906.0,8.2,152.0
1493.0,1328.0,21.1,283.0
1597.0,1466.0,26.5,320.0
1483.0,1222.0,17.4,318.0
1222.0,1080.0,12.9,201.0
1060.0,1010.0,10.9,135.0
1048.0,1013.0,11.0,127.0
1051.0,1008.0,10.8,102.0
998.0,977.0,10.0,74.0
1058.0,1023.0,11.2,81.0
1203.0,1204.0,16.8,129.0
1491.0,1392.0,23.6,190.0
1467.0,1385.0,23.3,192.0
1407.0,1279.0,19.4,163.0
1324.0,1086.0,13.1,149.0
1214.0,970.0,9.8,119.0
1016.0,780.0,5.3,61.0
1135.0,842.0,6.7,84.0
1065.0,789.0,5.5,79.0
999.0,692.0,3.7,58.0
911.0,599.0,2.2,32.0
873.0,545.0,1.5,180.0
881.0,546.0,1.5,21.0
967.0,646.0,2.9,49.0
1280.0,976.0,9.9,180.0
1564.0,1379.0,23.0,302.0
1505.0,1358.0,22.3,258.0
1309.0,1186.0,16.2,192.0
1035.0,895.0,7.9,84.0
1148.0,1062.0,12.4,128.0
1152.0,1104.0,13.6,145.0
1131.0,1059.0,12.3,132.0
1142.0,1053.0,12.1,136.0
1197.0,1082.0,12.9,140.0
960.0,828.0,6.3,55.0
1077.0,1001.0,10.6,67.0
1377.0,1313.0,20.6,191.0
1405.0,1353.0,22.1,227.0
1484.0,1319.0,20.8,264.0
1187.0,1042.0,11.8,196.0
870.0,729.0,4.3,43.0
932.0,765.0,5.0,58.0
830.0,608.0,2.3,33.0
778.0,534.0,1.4,14.0
820.0,541.0,1.5,18.0
842.0,565.0,1.8,180.0
867.0,589.0,2.1,28.0
927.0,682.0,3.5,56.0
1060.0,851.0,6.9,108.0
1440.0,1271.0,19.1,251.0
1449.0,1350.0,22.0,180.0
1384.0,1265.0,18.9,255.0
1172.0,1085.0,13.0,214.0
1143.0,1083.0,13.0,190.0
1167.0,1134.0,14.5,182.0
1303.0,1288.0,19.7,202.0
1264.0,1279.0,19.4,224.0
1242.0,1193.0,16.4,221.0
1070.0,1022.0,11.2,126.0
981.0,978.0,10.0,79.0
1198.0,1136.0,14.6,137.0
1000.0,918.0,8.5,68.0
1110.0,949.0,9.2,96.0
1023.0,854.0,6.9,111.0
861.0,695.0,3.7,56.0
969.0,760.0,4.9,81.0
898.0,741.0,4.6,79.0
835.0,674.0,3.4,46.0
766.0,523.0,1.2,19.0
743.0,502.0,1.0,180.0
758.0,517.0,1.2,15.0
804.0,604.0,2.3,48.0
948.0,817.0,6.1,128.0
1204.0,1205.0,16.8,193.0
1231.0,1304.0,20.3,203.0
1176.0,1191.0,16.4,220.0
1043.0,1066.0,12.5,161.0
992.0,970.0,9.8,135.0
885.0,772.0,5.2,57.0
991.0,937.0,8.9,91.0
1182.0,1119.0,14.1,219.0
1191.0,1074.0,12.7,239.0
1272.0,1136.0,14.6,209.0
1138.0,1063.0,12.4,169.0
1008.0,954.0,9.4,92.0
1075.0,1015.0,11.0,107.0
1034.0,935.0,8.9,122.0
934.0,841.0,6.6,100.0
883.0,705.0,3.9,51.0
1021.0,871.0,7.3,93.0
1059.0,907.0,8.2,145.0
1023.0,878.0,7.5,106.0
855.0,669.0,3.3,46.0
826.0,616.0,2.4,180.0
831.0,602.0,2.2,32.0
817.0,639.0,2.8,51.0
972.0,880.0,7.5,89.0
1200.0,1290.0,19.8,214.0
1234.0,1355.0,22.1,196.0
1164.0,1148.0,15.0,224.0
976.0,952.0,9.3,174.0
844.0,825.0,6.3,90.0
851.0,906.0,8.2,89.0
926.0,1010.0,10.9,132.0
890.0,950.0,9.3,114.0
921.0,914.0,8.4,107.0
1052.0,956.0,9.4,140.0
1247.0,1238.0,17.9,187.0
1205.0,1222.0,17.4,222.0
1016.0,995.0,10.5,117.0
984.0,879.0,7.5,89.0
1041.0,898.0,8.0,130.0
1027.0,887.0,7.7,133.0
1025.0,869.0,7.3,144.0
984.0,829.0,6.4,99.0
969.0,791.0,5.6,102.0
758.0,546.0,1.5,27.0
767.0,547.0,1.5,180.0
772.0,518.0,1.2,180.0
831.0,557.0,1.6,180.0
871.0,628.0,2.6,180.0
995.0,808.0,5.9,180.0
1093.0,918.0,8.5,180.0
1079.0,885.0,7.7,180.0
1084.0,852.0,6.9,180.0
1204.0,982.0,10.1,180.0
1213.0,1018.0,11.1,180.0
1124.0,949.0,9.2,180.0
945.0,726.0,4.3,180.0
964.0,833.0,6.5,180.0
903.0,786.0,5.4,180.0
918.0,863.0,7.1,180.0
1028.0,961.0,9.5,180.0
1175.0,1209.0,17.0,180.0
1215.0,1161.0,15.4,180.0
1072.0,976.0,9.9,180.0
1070.0,952.0,9.3,180.0
1021.0,853.0,6.9,180.0
1063.0,859.0,7.1,180.0
1068.0,938.0,9.0,180.0
993.0,913.0,8.3,180.0
1034.0,928.0,8.7,180.0
1025.0,914.0,8.4,180.0
1036.0,902.0,8.1,180.0
924.0,774.0,5.2,180.0
922.0,737.0,4.5,180.0
830.0,625.0,2.6,180.0
947.0,752.0,4.8,180.0
977.0,737.0,4.5,180.0
1025.0,761.0,4.9,180.0
1040.0,804.0,5.8,180.0
1013.0,718.0,4.1,180.0
1035.0,755.0,4.8,180.0
1086.0,859.0,7.0,180.0
967.0,753.0,4.8,180.0
968.0,785.0,5.4,180.0
1004.0,827.0,6.3,180.0
1132.0,981.0,10.1,180.0
1121.0,985.0,10.2,180.0
1068.0,917.0,8.4,180.0
1123.0,937.0,8.9,180.0
1101.0,933.0,8.8,180.0
997.0,835.0,6.5,180.0
875.0,654.0,3.0,180.0
815.0,569.0,1.8,180.0
803.0,531.0,1.3,180.0
829.0,570.0,1.8,180.0
867.0,625.0,2.6,180.0
1118.0,970.0,9.8,180.0
1632.0,1587.0,31.5,180.0
1598.0,1668.0,35.2,180.0
1378.0,1303.0,20.2,257.0
1132.0,1096.0,13.4,178.0
1108.0,1040.0,11.7,145.0
1131.0,1097.0,13.4,137.0
1105.0,1080.0,12.9,139.0
1120.0,1096.0,13.4,130.0
1100.0,1108.0,13.7,148.0
1098.0,1124.0,14.2,120.0
1137.0,1234.0,17.8,132.0
1267.0,1352.0,22.0,188.0
1319.0,1413.0,24.4,204.0
1160.0,1189.0,16.3,167.0
1084.0,1063.0,12.4,128.0
1025.0,963.0,9.6,106.0
953.0,830.0,6.4,88.0
959.0,812.0,6.0,77.0
834.0,637.0,2.8,36.0
787.0,549.0,1.6,28.0
799.0,555.0,1.6,180.0
807.0,571.0,1.8,46.0
866.0,686.0,3.6,55.0
1035.0,917.0,8.4,135.0
1469.0,1491.0,27.5,327.0
1553.0,1575.0,31.0,383.0
1513.0,1455.0,26.0,366.0
1395.0,1368.0,22.6,322.0
1209.0,1248.0,18.3,188.0
1142.0,1115.0,13.9,144.0
1140.0,1129.0,14.4,132.0
1105.0,1035.0,11.6,117.0
1131.0,1058.0,12.2,121.0
1162.0,1064.0,12.4,124.0
1336.0,1326.0,21.1,188.0
1533.0,1549.0,29.9,226.0
1650.0,1649.0,34.3,266.0
1535.0,1458.0,26.1,269.0
1382.0,1243.0,18.1,183.0
1335.0,1122.0,14.2,167.0
1267.0,1064.0,12.4,138.0
1122.0,926.0,8.7,105.0
986.0,771.0,5.2,54.0
966.0,744.0,4.6,58.0
919.0,661.0,3.1,180.0
872.0,632.0,2.7,37.0
967.0,749.0,4.7,84.0
1152.0,964.0,9.6,134.0
1500.0,1393.0,23.6,279.0
1754.0,1716.0,37.4,333.0
1558.0,1469.0,26.6,336.0
1446.0,1350.0,22.0,280.0
1349.0,1236.0,17.9,275.0
1452.0,1371.0,22.7,207.0
1676.0,1534.0,29.3,305.0
1327.0,1139.0,14.7,236.0
1248.0,1072.0,12.6,183.0
1250.0,1074.0,12.7,162.0
1222.0,1084.0,13.0,157.0
1159.0,1097.0,13.4,136.0
1192.0,1143.0,14.8,166.0
1074.0,954.0,9.4,136.0
984.0,851.0,6.9,112.0
970.0,773.0,5.2,87.0
987.0,800.0,5.7,86.0
1003.0,836.0,6.5,98.0
933.0,747.0,4.7,62.0
859.0,620.0,2.5,32.0
815.0,538.0,1.4,180.0
792.0,501.0,1.0,21.0
835.0,560.0,1.7,41.0
975.0,736.0,4.5,86.0
1133.0,957.0,9.4,174.0
1347.0,1237.0,17.9,264.0
1122.0,1000.0,10.6,211.0
1152.0,1014.0,11.0,208.0
1020.0,866.0,7.2,139.0
1066.0,927.0,8.7,138.0
1105.0,1016.0,11.1,142.0
1056.0,894.0,7.9,131.0
1084.0,970.0,9.8,132.0
1288.0,1191.0,16.4,178.0
1390.0,1368.0,22.6,228.0
1374.0,1303.0,20.2,232.0
1378.0,1342.0,21.7,204.0
1428.0,1329.0,21.2,250.0
1336.0,1176.0,15.9,208.0
1234.0,1049.0,12.0,158.0
1300.0,1221.0,17.4,197.0
1246.0,1150.0,15.0,152.0
1141.0,1017.0,11.1,112.0
1014.0,853.0,6.9,75.0
938.0,769.0,5.1,180.0
988.0,814.0,6.1,74.0
983.0,833.0,6.5,116.0
1033.0,917.0,8.4,118.0
1388.0,1372.0,22.8,272.0
1512.0,1530.0,29.1,180.0
1148.0,1104.0,13.6,258.0
1095.0,1019.0,11.1,186.0
987.0,979.0,10.0,130.0
984.0,998.0,10.5,134.0
1072.0,1084.0,13.0,148.0
1048.0,1068.0,12.5,147.0
1042.0,1029.0,11.4,123.0
1113.0,1086.0,13.1,138.0
1146.0,1145.0,14.9,162.0
1239.0,1272.0,19.1,214.0
1302.0,1346.0,21.8,230.0
1181.0,1183.0,16.1,191.0
1068.0,1037.0,11.6,128.0
1135.0,1065.0,12.4,138.0
1121.0,992.0,10.4,126.0
1131.0,965.0,9.7,107.0
947.0,798.0,5.7,67.0
935.0,786.0,5.4,55.0
941.0,792.0,5.6,180.0
867.0,734.0,4.4,48.0
839.0,638.0,2.8,33.0
873.0,704.0,3.9,41.0
1065.0,942.0,9.1,106.0
1187.0,1104.0,13.6,208.0
1249.0,1174.0,15.8,193.0
1157.0,1072.0,12.7,191.0
988.0,924.0,8.6,113.0
1025.0,955.0,9.4,111.0
997.0,947.0,9.2,106.0
916.0,829.0,6.4,82.0
965.0,910.0,8.3,79.0
985.0,903.0,8.1,90.0
1026.0,920.0,8.5,104.0
1125.0,1016.0,11.0,148.0
1159.0,1054.0,12.1,158.0
1284.0,1149.0,15.0,234.0
1101.0,986.0,10.2,163.0
1101.0,972.0,9.9,95.0
1183.0,1049.0,12.0,146.0
1132.0,996.0,10.5,102.0
998.0,859.0,7.1,90.0
911.0,743.0,4.6,41.0
875.0,721.0,4.2,180.0
808.0,630.0,2.6,30.0
792.0,599.0,2.2,32.0
822.0,581.0,2.0,34.0
918.0,721.0,4.2,57.0
975.0,774.0,5.2,73.0
1047.0,908.0,8.2,119.0
1053.0,970.0,9.8,138.0
1017.0,897.0,7.9,96.0
1021.0,889.0,7.7,80.0
941.0,753.0,4.8,45.0
991.0,776.0,5.3,45.0
1117.0,862.0,7.1,54.0
1217.0,947.0,9.2,66.0
1248.0,982.0,10.1,95.0
1242.0,973.0,9.9,99.0
1403.0,1151.0,15.1,147.0
1238.0,999.0,10.6,129.0
1093.0,858.0,7.0,96.0
1034.0,805.0,5.9,92.0
934.0,795.0,5.6,88.0
913.0,785.0,5.4,89.0
835.0,691.0,3.7,52.0
773.0,568.0,1.8,25.0
771.0,533.0,1.4,180.0
805.0,534.0,1.4,28.0
930.0,684.0,3.5,65.0
1009.0,859.0,7.0,132.0
1196.0,1131.0,14.4,216.0
1010.0,937.0,8.9,180.0
990.0,924.0,8.6,140.0
988.0,918.0,8.5,141.0
979.0,910.0,8.3,123.0
1029.0,983.0,10.1,129.0
984.0,945.0,9.1,115.0
985.0,919.0,8.5,104.0
981.0,886.0,7.7,129.0
1020.0,941.0,9.0,138.0
1106.0,1097.0,13.4,135.0
1153.0,1168.0,15.6,163.0
1215.0,1234.0,17.8,180.0
1094.0,1072.0,12.7,170.0
944.0,832.0,6.4,72.0
964.0,861.0,7.1,69.0
1003.0,872.0,7.4,79.0
914.0,774.0,5.2,53.0
839.0,609.0,2.4,36.0
830.0,582.0,2.0,30.0
812.0,521.0,1.2,180.0
832.0,547.0,1.5,15.0
903.0,656.0,3.1,38.0
1022.0,825.0,6.3,68.0
1378.0,1277.0,19.3,192.0
1745.0,1748.0,38.9,346.0
1326.0,1137.0,14.6,225.0
1215.0,1062.0,12.3,199.0
1138.0,1015.0,11.0,140.0
1244.0,1162.0,15.4,162.0
1261.0,1210.0,17.0,173.0
1182.0,1066.0,12.5,121.0
1208.0,1111.0,13.8,133.0
1158.0,981.0,10.1,96.0
1346.0,1278.0,19.3,141.0
1443.0,1371.0,22.7,221.0
1440.0,1443.0,25.5,232.0
1232.0,1173.0,15.8,174.0
1159.0,1061.0,12.3,138.0
1081.0,929.0,8.7,65.0
1083.0,911.0,8.3,107.0
1069.0,887.0,7.7,70.0
940.0,724.0,4.2,44.0
901.0,653.0,3.0,41.0
848.0,571.0,1.8,180.0
846.0,598.0,2.2,33.0
848.0,598.0,2.2,32.0
980.0,800.0,5.7,46.0
1408.0,1321.0,20.9,173.0
1716.0,1701.0,36.7,320.0
1475.0,1351.0,22.0,294.0
1262.0,1096.0,13.4,182.0
1156.0,1034.0,11.5,154.0
1192.0,1097.0,13.4,118.0
1233.0,1154.0,15.2,116.0
1208.0,1083.0,13.0,121.0
1215.0,1116.0,14.0,116.0
1251.0,1165.0,15.5,144.0
1358.0,1278.0,19.3,176.0
1379.0,1349.0,21.9,214.0
1379.0,1326.0,21.1,191.0
1373.0,1252.0,18.4,205.0
1197.0,950.0,9.3,110.0
1238.0,940.0,9.0,95.0
1255.0,963.0,9.6,126.0
1164.0,908.0,8.2,90.0
1046.0,803.0,5.8,48.0
956.0,661.0,3.1,38.0
885.0,565.0,1.7,180.0
877.0,549.0,1.6,14.0
925.0,609.0,2.3,26.0
1086.0,837.0,6.6,83.0
1490.0,1286.0,19.6,188.0
1763.0,1617.0,32.9,253.0
1462.0,1242.0,18.1,149.0
1232.0,1062.0,12.4,155.0
1239.0,1067.0,12.5,146.0
1218.0,1051.0,12.0,121.0
1235.0,1094.0,13.3,111.0
1196.0,1061.0,12.3,116.0
1288.0,1179.0,16.0,167.0
1248.0,1108.0,13.7,145.0
1401.0,1342.0,21.7,192.0
1401.0,1396.0,23.7,231.0
1444.0,1354.0,22.1,248.0
1379.0,1312.0,20.6,267.0
1251.0,1097.0,13.4,181.0
1269.0,1077.0,12.8,163.0
1242.0,1060.0,12.3,141.0
1045.0,850.0,6.8,78.0
937.0,698.0,3.8,42.0
875.0,622.0,2.5,35.0
889.0,633.0,2.7,180.0
888.0,640.0,2.8,33.0
881.0,624.0,2.6,38.0
998.0,856.0,7.0,65.0
1517.0,1460.0,26.2,296.0
1522.0,1509.0,28.2,303.0
1417.0,1303.0,20.2,244.0
1329.0,1214.0,17.1,216.0
1203.0,1023.0,11.2,137.0
1234.0,1037.0,11.6,120.0
1286.0,1090.0,13.2,100.0
1298.0,1075.0,12.7,103.0
1308.0,1084.0,13.0,123.0
1276.0,1099.0,13.5,136.0
1234.0,985.0,10.2,158.0
1419.0,1300.0,20.1,216.0
1325.0,1273.0,19.1,211.0
1346.0,1224.0,17.5,202.0
1241.0,1110.0,13.8,147.0
1274.0,1094.0,13.3,160.0
1321.0,1144.0,14.8,162.0
1424.0,1240.0,18.0,194.0
1357.0,1178.0,16.0,167.0
1123.0,966.0,9.7,91.0
1003.0,820.0,6.2,180.0
951.0,713.0,4.0,42.0
941.0,687.0,3.6,50.0
986.0,745.0,4.6,61.0
1153.0,947.0,9.2,107.0
1323.0,1137.0,14.6,139.0
1315.0,1040.0,11.7,165.0
1303.0,1015.0,11.0,139.0
1238.0,1037.0,11.6,113.0
1259.0,1080.0,12.9,138.0
1246.0,1070.0,12.6,104.0
1154.0,912.0,8.3,78.0
1237.0,997.0,10.5,97.0
1315.0,1041.0,11.7,115.0
1466.0,1174.0,15.8,152.0
1409.0,1113.0,13.9,157.0
1366.0,1171.0,15.7,132.0
1241.0,1011.0,10.9,98.0
1123.0,832.0,6.4,65.0
1321.0,1075.0,12.7,101.0
1397.0,1159.0,15.3,134.0
1507.0,1311.0,20.5,177.0
1405.0,1177.0,15.9,179.0
1192.0,994.0,10.4,105.0
1199.0,1070.0,12.6,180.0
973.0,761.0,4.9,49.0
864.0,591.0,2.1,27.0
886.0,598.0,2.2,41.0
988.0,713.0,4.0,78.0
1008.0,729.0,4.3,68.0
976.0,698.0,3.8,64.0
978.0,718.0,4.1,67.0
987.0,740.0,4.5,54.0
1030.0,778.0,5.3,67.0
955.0,723.0,4.2,51.0
924.0,673.0,3.3,28.0
1005.0,758.0,4.9,51.0
1059.0,816.0,6.1,77.0
1079.0,851.0,6.9,93.0
1070.0,850.0,6.8,94.0
1085.0,805.0,5.8,69.0
1066.0,787.0,5.5,57.0
1094.0,815.0,6.1,74.0
1110.0,814.0,6.0,75.0
968.0,719.0,4.2,73.0
906.0,714.0,4.1,56.0
849.0,615.0,2.4,31.0
774.0,500.0,1.0,13.0
746.0,450.0,0.6,180.0
753.0,437.0,0.5,14.0
749.0,466.0,0.7,23.0
864.0,642.0,2.8,72.0
1002.0,893.0,7.8,165.0
970.0,966.0,9.7,118.0
898.0,853.0,6.9,85.0
847.0,800.0,5.8,116.0
847.0,788.0,5.5,112.0
871.0,848.0,6.8,100.0
869.0,866.0,7.2,109.0
875.0,854.0,6.9,111.0
895.0,878.0,7.5,109.0
926.0,885.0,7.7,114.0
996.0,1048.0,12.0,139.0
997.0,1100.0,13.5,157.0
1006.0,1048.0,12.0,147.0
895.0,845.0,6.7,102.0
862.0,751.0,4.8,73.0
858.0,756.0,4.8,65.0
853.0,762.0,5.0,76.0
859.0,727.0,4.3,65.0
837.0,634.0,2.7,41.0
746.0,493.0,0.9,17.0
752.0,515.0,1.2,180.0
742.0,489.0,0.9,19.0
774.0,560.0,1.7,45.0
798.0,630.0,2.6,40.0
1002.0,932.0,8.8,101.0
1210.0,1356.0,22.2,183.0
1058.0,1158.0,15.3,149.0
1106.0,1118.0,14.0,207.0
1153.0,1253.0,18.5,289.0
1047.0,1101.0,13.5,159.0
1091.0,1172.0,15.8,162.0
1162.0,1253.0,18.5,173.0
1059.0,1070.0,12.6,180.0
1083.0,1051.0,12.0,180.0
1150.0,1161.0,15.4,180.0
1321.0,1426.0,24.9,180.0
1063.0,909.0,8.2,180.0
1063.0,909.0,8.2,180.0
1063.0,909.0,8.2,180.0
1063.0,909.0,8.2,180.0
1063.0,909.0,8.2,180.0
1063.0,909.0,8.2,180.0
1063.0,909.0,8.2,180.0
1063.0,909.0,8.2,180.0
1063.0,909.0,8.2,180.0
1063.0,909.0,8.2,180.0
1063.0,909.0,8.2,180.0
1063.0,909.0,8.2,180.0
1063.0,909.0,8.2,180.0
1063.0,909.0,8.2,180.0
1303.0,1776.0,40.2,180.0
1137.0,1146.0,14.9,188.0
1139.0,1109.0,13.8,159.0
1099.0,1059.0,12.3,146.0
1088.0,1116.0,14.0,127.0
1027.0,1041.0,11.8,128.0
1014.0,1049.0,12.0,120.0
969.0,968.0,9.7,115.0
1120.0,1238.0,18.0,180.0
1131.0,1368.0,22.6,180.0
1130.0,1368.0,22.7,180.0
1123.0,1304.0,20.3,180.0
1069.0,1086.0,13.1,180.0
1021.0,1010.0,10.9,180.0
1101.0,1093.0,13.3,180.0
1026.0,960.0,9.5,180.0
949.0,841.0,6.6,180.0
846.0,687.0,3.6,180.0
811.0,606.0,2.3,180.0
803.0,586.0,2.0,180.0
882.0,715.0,4.1,180.0
963.0,836.0,6.5,180.0
1413.0,1424.0,24.8,180.0
1485.0,1650.0,34.4,180.0
1354.0,1418.0,24.5,180.0
1074.0,939.0,9.0,180.0
1022.0,914.0,8.4,180.0
1100.0,1034.0,11.5,180.0
1073.0,1052.0,12.1,180.0
1049.0,983.0,10.1,180.0
1086.0,1048.0,11.9,180.0
1059.0,1027.0,11.3,180.0
1244.0,1301.0,20.2,180.0
1320.0,1423.0,24.8,180.0
1236.0,1304.0,20.3,180.0
1136.0,1187.0,16.2,180.0
1110.0,1093.0,13.3,180.0
1026.0,990.0,10.3,180.0
1038.0,961.0,9.6,180.0
975.0,892.0,7.8,180.0
908.0,814.0,6.1,180.0
896.0,820.0,6.2,180.0
810.0,697.0,3.8,180.0
789.0,638.0,2.8,180.0
814.0,678.0,3.4,180.0
958.0,907.0,8.2,180.0
1213.0,1274.0,19.2,180.0
1221.0,1367.0,22.6,180.0
1245.0,1281.0,19.4,180.0
1050.0,963.0,9.6,180.0
1048.0,969.0,9.8,180.0
1141.0,1128.0,14.4,180.0
1052.0,1053.0,12.1,180.0
1152.0,1099.0,13.5,180.0
1026.0,1061.0,12.3,133.0
1039.0,1055.0,12.2,131.0
1148.0,1067.0,12.5,133.0
1176.0,1114.0,13.9,141.0
1100.0,1028.0,11.4,112.0
1081.0,992.0,10.4,147.0
976.0,858.0,7.0,104.0
979.0,857.0,7.0,97.0
1092.0,1024.0,11.3,128.0
1044.0,946.0,9.2,138.0
940.0,849.0,6.8,93.0
892.0,767.0,5.1,71.0
838.0,675.0,3.4,180.0
853.0,727.0,4.3,44.0
738.0,545.0,1.5,18.0
762.0,581.0,2.0,41.0
841.0,713.0,4.0,84.0
843.0,712.0,4.0,77.0
841.0,713.0,4.0,73.0
862.0,721.0,4.2,72.0
869.0,740.0,4.5,77.0
894.0,810.0,6.0,82.0
844.0,755.0,4.8,67.0
823.0,699.0,3.8,59.0
843.0,719.0,4.2,61.0
865.0,767.0,5.1,76.0
873.0,792.0,5.6,73.0
899.0,803.0,5.8,87.0
921.0,856.0,7.0,98.0
937.0,893.0,7.9,123.0
901.0,834.0,6.5,102.0
955.0,918.0,8.5,102.0
1065.0,1106.0,13.7,142.0
1035.0,1110.0,13.8,148.0
956.0,945.0,9.1,107.0
869.0,835.0,6.5,61.0
831.0,822.0,6.2,180.0
815.0,774.0,5.2,43.0
781.0,661.0,3.1,25.0
781.0,645.0,2.9,32.0
828.0,690.0,3.6,48.0
803.0,635.0,2.7,60.0
811.0,653.0,3.0,52.0
844.0,696.0,3.7,58.0
833.0,697.0,3.8,54.0
832.0,719.0,4.2,52.0
771.0,626.0,2.6,34.0
783.0,637.0,2.8,41.0
815.0,723.0,4.2,41.0
912.0,819.0,6.2,65.0
894.0,774.0,5.2,65.0
963.0,885.0,7.7,84.0
990.0,930.0,8.8,89.0
1025.0,980.0,10.1,114.0
997.0,971.0,9.8,127.0
976.0,916.0,8.4,117.0
878.0,784.0,5.4,46.0
836.0,728.0,4.3,16.0
855.0,751.0,4.8,27.0
759.0,588.0,2.1,4.0
738.0,539.0,1.4,180.0
736.0,528.0,1.3,19.0
765.0,609.0,2.3,48.0
909.0,834.0,6.5,82.0
1108.0,1123.0,14.2,167.0
1252.0,1369.0,22.7,248.0
1175.0,1188.0,16.3,213.0
1111.0,1120.0,14.1,161.0
1044.0,1069.0,12.6,144.0
1018.0,1088.0,13.1,127.0
1060.0,1122.0,14.2,116.0
1071.0,1110.0,13.8,124.0
1006.0,1054.0,12.1,115.0
1104.0,1171.0,15.7,150.0
1196.0,1336.0,21.4,221.0
1243.0,1429.0,25.0,227.0
1124.0,1199.0,16.6,156.0
1020.0,1003.0,10.7,97.0
1035.0,878.0,7.5,78.0
986.0,781.0,5.3,60.0
1017.0,834.0,6.5,61.0
922.0,750.0,4.7,46.0
830.0,644.0,2.9,17.0
805.0,583.0,2.0,18.0
760.0,505.0,1.1,180.0
783.0,529.0,1.3,16.0
854.0,613.0,2.4,39.0
985.0,816.0,6.1,107.0
1225.0,1067.0,12.5,190.0
1313.0,1283.0,19.5,236.0
1199.0,1156.0,15.2,227.0
1182.0,1051.0,12.0,211.0
1173.0,1063.0,12.4,201.0
1259.0,1178.0,15.9,191.0
1263.0,1171.0,15.7,192.0
1156.0,1100.0,13.5,143.0
1167.0,1065.0,12.4,148.0
1278.0,1213.0,17.1,183.0
1342.0,1351.0,22.0,216.0
1353.0,1292.0,19.9,184.0
1501.0,1501.0,27.9,248.0
1355.0,1289.0,19.7,221.0
1230.0,1169.0,15.7,159.0
1148.0,1048.0,12.0,136.0
1171.0,1088.0,13.1,168.0
1021.0,949.0,9.2,95.0
964.0,877.0,7.5,70.0
887.0,758.0,4.9,43.0
885.0,773.0,5.2,180.0
830.0,662.0,3.2,30.0
792.0,611.0,2.4,22.0
813.0,639.0,2.8,25.0
890.0,703.0,3.9,48.0
984.0,854.0,6.9,73.0
1043.0,920.0,8.5,95.0
1054.0,936.0,8.9,86.0
1063.0,930.0,8.8,102.0
978.0,873.0,7.4,80.0
887.0,748.0,4.7,36.0
887.0,754.0,4.8,32.0
977.0,850.0,6.8,46.0
1043.0,934.0,8.9,61.0
1010.0,902.0,8.1,59.0
1094.0,996.0,10.5,76.0
1223.0,1142.0,14.8,145.0
1109.0,1042.0,11.8,140.0
1026.0,927.0,8.7,102.0
1036.0,928.0,8.7,89.0
963.0,853.0,6.9,62.0
996.0,868.0,7.3,69.0
999.0,853.0,6.9,63.0
893.0,741.0,4.6,31.0
730.0,530.0,1.3,180.0
753.0,562.0,1.7,17.0
825.0,663.0,3.2,61.0
1012.0,982.0,10.1,184.0
1221.0,1293.0,19.9,248.0
1215.0,1303.0,20.2,220.0
1234.0,1318.0,20.8,243.0
1138.0,1152.0,15.1,164.0
987.0,1009.0,10.9,180.0
980.0,1019.0,11.1,180.0
966.0,1054.0,12.1,180.0
905.0,923.0,8.6,180.0
903.0,968.0,9.7,180.0
914.0,1014.0,11.0,180.0
1050.0,1199.0,16.6,180.0
1043.0,1139.0,14.7,180.0
1125.0,1283.0,19.5,180.0
1058.0,1134.0,14.5,180.0
951.0,892.0,7.8,180.0
944.0,891.0,7.8,180.0
959.0,892.0,7.8,180.0
974.0,919.0,8.5,180.0
880.0,799.0,5.7,180.0
853.0,740.0,4.5,180.0
912.0,795.0,5.6,180.0
863.0,745.0,4.6,180.0
729.0,520.0,1.2,180.0
830.0,674.0,3.4,180.0
1198.0,1209.0,17.0,180.0
971.0,977.0,10.0,180.0
885.0,812.0,6.0,180.0
862.0,798.0,5.7,180.0
892.0,853.0,6.9,180.0
933.0,960.0,9.5,180.0
975.0,1017.0,11.1,180.0
927.0,905.0,8.1,180.0
993.0,985.0,10.2,180.0
1053.0,1093.0,13.3,180.0
1116.0,1198.0,16.6,180.0
1097.0,1206.0,16.9,180.0
1116.0,1226.0,17.5,180.0
1057.0,1087.0,13.1,180.0
973.0,949.0,9.2,180.0
1016.0,977.0,10.0,180.0
1120.0,1088.0,13.1,180.0
1076.0,1080.0,12.9,180.0
937.0,890.0,7.8,180.0
980.0,948.0,9.2,180.0
937.0,853.0,6.9,180.0
852.0,739.0,4.5,37.0
858.0,757.0,4.9,57.0
963.0,894.0,7.9,131.0
966.0,874.0,7.4,171.0
983.0,901.0,8.0,187.0
990.0,881.0,7.6,133.0
891.0,780.0,5.3,87.0
883.0,778.0,5.3,61.0
914.0,900.0,8.0,86.0
896.0,917.0,8.4,83.0
841.0,811.0,6.0,61.0
926.0,868.0,7.3,80.0
1133.0,984.0,10.2,110.0
1042.0,939.0,9.0,108.0
1124.0,1118.0,14.0,134.0
1157.0,1183.0,16.1,133.0
989.0,906.0,8.2,118.0
841.0,699.0,3.8,17.0
916.0,791.0,5.6,26.0
1008.0,900.0,8.0,55.0
895.0,792.0,5.6,39.0
810.0,702.0,3.8,15.0
968.0,840.0,6.6,47.0
922.0,859.0,7.0,180.0
892.0,773.0,5.2,49.0
806.0,615.0,2.4,21.0
827.0,659.0,3.1,33.0
881.0,776.0,5.2,63.0
877.0,808.0,5.9,73.0
784.0,638.0,2.8,51.0
806.0,675.0,3.4,61.0
775.0,653.0,3.0,52.0
773.0,676.0,3.4,49.0
734.0,603.0,2.3,40.0
757.0,635.0,2.7,36.0
817.0,688.0,3.6,51.0
815.0,720.0,4.2,56.0
844.0,757.0,4.9,71.0
880.0,807.0,5.9,79.0
906.0,838.0,6.6,117.0
904.0,882.0,7.6,127.0
877.0,858.0,7.0,118.0
918.0,879.0,7.5,130.0
930.0,914.0,8.4,131.0
870.0,858.0,7.0,102.0
793.0,703.0,3.9,48.0
760.0,626.0,2.6,22.0
733.0,588.0,2.0,180.0
726.0,591.0,2.1,22.0
732.0,613.0,2.4,44.0
933.0,962.0,9.6,167.0
1061.0,1162.0,15.4,220.0
1201.0,1428.0,25.0,285.0
1065.0,1151.0,15.1,272.0
1075.0,1222.0,17.4,238.0
998.0,1119.0,14.1,207.0
922.0,1042.0,11.8,152.0
1023.0,1147.0,14.9,185.0
1039.0,1180.0,16.0,184.0
1054.0,1195.0,16.5,205.0
1022.0,1155.0,15.2,172.0
1082.0,1266.0,18.9,227.0
1056.0,1268.0,19.0,187.0
1243.0,1524.0,28.9,290.0
1029.0,1097.0,13.4,155.0
1004.0,1011.0,10.9,108.0
979.0,937.0,8.9,94.0
972.0,919.0,8.5,103.0
942.0,846.0,6.7,78.0
825.0,720.0,4.2,38.0
780.0,621.0,2.5,26.0
746.0,565.0,1.7,180.0
734.0,538.0,1.4,19.0
785.0,640.0,2.8,35.0
946.0,931.0,8.8,126.0
1201.0,1279.0,19.4,309.0
1377.0,1688.0,36.1,376.0
1346.0,1481.0,27.1,441.0
1230.0,1268.0,19.0,309.0
1160.0,1208.0,16.9,220.0
1146.0,1171.0,15.7,168.0
1078.0,1121.0,14.1,149.0
1111.0,1194.0,16.5,160.0
1083.0,1141.0,14.8,177.0
1056.0,1083.0,13.0,180.0
1220.0,1334.0,21.4,176.0
1268.0,1393.0,23.6,202.0
1256.0,1430.0,25.0,255.0
1213.0,1341.0,21.6,210.0
1145.0,1170.0,15.7,157.0
1050.0,1011.0,10.9,96.0
972.0,902.0,8.1,59.0
1020.0,984.0,10.2,81.0
934.0,878.0,7.5,40.0
914.0,801.0,5.8,42.0
824.0,698.0,3.8,180.0
817.0,672.0,3.3,31.0
833.0,708.0,4.0,54.0
935.0,905.0,8.1,88.0
1297.0,1359.0,22.3,261.0
1496.0,1705.0,36.9,357.0
1201.0,1224.0,17.5,265.0
1267.0,1276.0,19.3,247.0
1224.0,1228.0,17.6,189.0
1247.0,1257.0,18.6,168.0
1183.0,1241.0,18.0,183.0
1078.0,1116.0,14.0,157.0
1076.0,1012.0,10.9,113.0
1052.0,1019.0,11.1,140.0
1287.0,1340.0,21.6,230.0
1460.0,1493.0,27.6,277.0
1357.0,1445.0,25.6,295.0
1234.0,1257.0,18.6,212.0
1151.0,1154.0,15.2,151.0
1065.0,1038.0,11.7,110.0
984.0,929.0,8.7,83.0
938.0,881.0,7.6,48.0
878.0,774.0,5.2,27.0
919.0,807.0,5.9,48.0
836.0,709.0,4.0,180.0
814.0,673.0,3.3,33.0
872.0,782.0,5.4,75.0
949.0,929.0,8.7,101.0
1227.0,1292.0,19.9,214.0
1360.0,1561.0,30.4,290.0
1318.0,1420.0,24.6,311.0
1196.0,1208.0,16.9,234.0
1152.0,1102.0,13.6,157.0
1220.0,1157.0,15.3,165.0
1182.0,1120.0,14.1,137.0
1167.0,1210.0,17.0,149.0
1142.0,1109.0,13.8,140.0
1157.0,1105.0,13.6,139.0
1274.0,1329.0,21.2,221.0
1372.0,1451.0,25.9,318.0
1373.0,1440.0,25.4,363.0
1290.0,1393.0,23.6,341.0
1056.0,1051.0,12.0,163.0
1116.0,1123.0,14.2,157.0
1106.0,1122.0,14.2,202.0
1018.0,992.0,10.4,102.0
919.0,880.0,7.5,70.0
807.0,681.0,3.5,41.0
787.0,620.0,2.5,180.0
789.0,623.0,2.6,36.0
825.0,709.0,4.0,68.0
912.0,858.0,7.0,92.0
1339.0,1425.0,24.8,332.0
1355.0,1526.0,28.9,333.0
1250.0,1336.0,21.5,298.0
1105.0,1079.0,12.9,180.0
1076.0,1055.0,12.2,146.0
1096.0,1087.0,13.1,120.0
1093.0,1094.0,13.3,108.0
1027.0,1066.0,12.5,109.0
1026.0,1085.0,13.0,124.0
1015.0,1062.0,12.3,127.0
1028.0,1155.0,15.2,185.0
1074.0,1270.0,19.1,230.0
1124.0,1289.0,19.7,265.0
1111.0,1256.0,18.6,261.0
1062.0,1183.0,16.1,219.0
1072.0,1148.0,15.0,180.0
936.0,871.0,7.3,108.0
988.0,937.0,8.9,98.0
924.0,839.0,6.6,57.0
839.0,725.0,4.3,36.0
826.0,666.0,3.2,180.0
853.0,716.0,4.1,45.0
918.0,810.0,6.0,87.0
890.0,791.0,5.6,62.0
865.0,752.0,4.8,65.0
1003.0,937.0,8.9,125.0
1123.0,1088.0,13.1,157.0
1146.0,1119.0,14.1,171.0
1110.0,1021.0,11.2,119.0
1126.0,979.0,10.0,110.0
1067.0,962.0,9.6,95.0
1008.0,866.0,7.2,58.0
1062.0,924.0,8.6,69.0
1082.0,939.0,9.0,76.0
1042.0,897.0,7.9,63.0
1022.0,823.0,6.2,51.0
1024.0,828.0,6.3,46.0
1048.0,828.0,6.3,52.0
1153.0,1022.0,11.2,84.0
1195.0,1077.0,12.8,130.0
1245.0,1091.0,13.2,147.0
1086.0,946.0,9.2,126.0
972.0,804.0,5.8,47.0
880.0,677.0,3.4,24.0
906.0,719.0,4.1,180.0
879.0,658.0,3.1,25.0
842.0,597.0,2.2,21.0
797.0,543.0,1.5,25.0
796.0,526.0,1.3,25.0
767.0,520.0,1.2,30.0
784.0,562.0,1.7,42.0
811.0,622.0,2.5,52.0
838.0,620.0,2.5,62.0
821.0,632.0,2.7,67.0
793.0,579.0,1.9,47.0
794.0,567.0,1.8,35.0
821.0,614.0,2.4,45.0
849.0,628.0,2.6,53.0
852.0,651.0,3.0,57.0
847.0,645.0,2.9,71.0
849.0,682.0,3.5,67.0
865.0,687.0,3.6,75.0
848.0,689.0,3.6,65.0
807.0,606.0,2.3,45.0
814.0,627.0,2.6,46.0
785.0,582.0,2.0,33.0
748.0,515.0,1.2,19.0
716.0,461.0,0.7,9.0
708.0,437.0,0.5,180.0
724.0,448.0,0.5,12.0
748.0,477.0,0.8,21.0
888.0,683.0,3.5,66.0
973.0,858.0,7.0,137.0
993.0,927.0,8.7,151.0
929.0,825.0,6.3,115.0
962.0,858.0,7.0,118.0
906.0,786.0,5.5,95.0
915.0,776.0,5.3,86.0
928.0,787.0,5.5,85.0
855.0,698.0,3.8,66.0
920.0,783.0,5.4,74.0
917.0,842.0,6.7,108.0
1072.0,1057.0,12.2,150.0
1000.0,985.0,10.2,157.0
914.0,845.0,6.7,93.0
888.0,799.0,5.7,76.0
851.0,718.0,4.1,57.0
870.0,749.0,4.7,64.0
883.0,773.0,5.2,59.0
886.0,767.0,5.1,68.0
792.0,637.0,2.8,31.0
754.0,535.0,1.4,21.0
732.0,503.0,1.0,180.0
770.0,586.0,2.0,24.0
797.0,654.0,3.0,38.0
915.0,877.0,7.5,92.0
1287.0,1423.0,24.7,311.0
1195.0,1424.0,24.8,260.0
1003.0,1009.0,10.9,181.0
1037.0,1046.0,11.9,177.0
1114.0,1181.0,16.0,180.0
1085.0,1171.0,15.7,174.0
1024.0,1087.0,13.1,140.0
1017.0,1057.0,12.2,122.0
1053.0,1173.0,15.8,189.0
1065.0,1198.0,16.6,169.0
1136.0,1250.0,18.4,172.0
1100.0,1202.0,16.7,154.0
1143.0,1319.0,20.8,192.0
1083.0,1157.0,15.3,160.0
1009.0,1034.0,11.5,110.0
969.0,983.0,10.1,97.0
1029.0,993.0,10.4,124.0
1064.0,956.0,9.4,108.0
986.0,853.0,6.9,61.0
872.0,709.0,4.0,34.0
840.0,654.0,3.0,180.0
812.0,626.0,2.6,24.0
810.0,612.0,2.4,27.0
936.0,849.0,6.8,70.0
1244.0,1265.0,18.9,176.0
1440.0,1556.0,30.2,310.0
1180.0,1145.0,14.9,221.0
1126.0,1058.0,12.2,168.0
1005.0,910.0,8.3,109.0
1032.0,940.0,9.0,102.0
1087.0,1106.0,13.7,129.0
1090.0,1119.0,14.1,117.0
1072.0,1050.0,12.0,112.0
1101.0,1057.0,12.2,122.0
1111.0,1086.0,13.1,114.0
1048.0,1070.0,12.6,111.0
1197.0,1249.0,18.3,158.0
1173.0,1217.0,17.2,202.0
1075.0,1079.0,12.9,166.0
1067.0,1106.0,13.7,143.0
1060.0,1099.0,13.4,122.0
1081.0,1099.0,13.5,113.0
1017.0,975.0,9.9,109.0
836.0,734.0,4.4,53.0
831.0,727.0,4.3,180.0
804.0,668.0,3.3,32.0
798.0,677.0,3.4,35.0
966.0,951.0,9.3,123.0
1277.0,1388.0,23.4,254.0
1335.0,1496.0,27.7,300.0
1297.0,1353.0,22.1,281.0
1041.0,979.0,10.0,169.0
1027.0,936.0,8.9,152.0
1037.0,969.0,9.8,127.0
1014.0,954.0,9.4,118.0
1007.0,971.0,9.8,120.0
998.0,958.0,9.5,125.0
1014.0,958.0,9.5,117.0
1157.0,1160.0,15.4,166.0
1225.0,1281.0,19.4,180.0
1131.0,1194.0,16.5,172.0
1111.0,1126.0,14.3,160.0
976.0,909.0,8.2,103.0
1016.0,929.0,8.7,87.0
1177.0,1156.0,15.2,147.0
1013.0,999.0,10.6,120.0
886.0,813.0,6.0,63.0
791.0,658.0,3.1,30.0
762.0,618.0,2.5,180.0
740.0,568.0,1.8,19.0
775.0,628.0,2.6,27.0
872.0,833.0,6.5,65.0
1123.0,1134.0,14.5,169.0
1306.0,1522.0,28.8,244.0
1237.0,1332.0,21.3,274.0
1143.0,1146.0,14.9,202.0
1170.0,1168.0,15.6,186.0
1116.0,1128.0,14.3,153.0
1054.0,1069.0,12.6,112.0
1083.0,1097.0,13.4,117.0
1078.0,1069.0,12.6,109.0
1104.0,1143.0,14.8,133.0
1170.0,1257.0,18.6,185.0
1091.0,1201.0,16.7,167.0
1216.0,1318.0,20.8,218.0
1125.0,1179.0,16.0,171.0
971.0,881.0,7.6,78.0
1062.0,984.0,10.2,84.0
1140.0,1109.0,13.8,110.0
1038.0,992.0,10.4,87.0
935.0,836.0,6.5,58.0
861.0,729.0,4.3,39.0
839.0,678.0,3.4,180.0
850.0,703.0,3.9,38.0
817.0,651.0,3.0,41.0
825.0,667.0,3.2,47.0
921.0,792.0,5.6,72.0
1031.0,945.0,9.1,100.0
1092.0,967.0,9.7,104.0
1095.0,923.0,8.6,109.0
1097.0,964.0,9.6,103.0
1101.0,972.0,9.8,75.0
1060.0,991.0,10.3,72.0
1063.0,909.0,8.2,56.0
1063.0,909.0,8.2,51.0
1063.0,909.0,8.2,52.0
1063.0,909.0,8.2,46.0
1063.0,909.0,8.2,44.0
1063.0,909.0,8.2,72.0
1063.0,909.0,8.2,88.0
1063.0,909.0,8.2,56.0
1063.0,909.0,8.2,82.0
1063.0,909.0,8.2,125.0
1063.0,909.0,8.2,144.0
1063.0,909.0,8.2,54.0
1063.0,909.0,8.2,48.0
1063.0,909.0,8.2,180.0
1063.0,909.0,8.2,41.0
1063.0,909.0,8.2,40.0
1063.0,909.0,8.2,48.0
1063.0,909.0,8.2,44.0
1063.0,909.0,8.2,59.0
1063.0,909.0,8.2,59.0
1063.0,909.0,8.2,53.0
1063.0,909.0,8.2,42.0
1063.0,909.0,8.2,43.0
1063.0,909.0,8.2,23.0
1063.0,909.0,8.2,22.0
1063.0,909.0,8.2,37.0
1063.0,909.0,8.2,53.0
1063.0,909.0,8.2,68.0
1063.0,909.0,8.2,125.0
1063.0,909.0,8.2,96.0
1063.0,909.0,8.2,75.0
1063.0,909.0,8.2,74.0
1063.0,909.0,8.2,92.0
1063.0,909.0,8.2,136.0
1063.0,909.0,8.2,119.0
1063.0,909.0,8.2,76.0
1063.0,909.0,8.2,21.0
1063.0,909.0,8.2,180.0
732.0,544.0,1.5,15.0
809.0,681.0,3.5,52.0
934.0,911.0,8.3,85.0
1132.0,1220.0,17.3,177.0
1221.0,1386.0,23.3,232.0
1024.0,1111.0,13.8,201.0
938.0,987.0,10.2,134.0
869.0,897.0,7.9,104.0
846.0,930.0,8.8,89.0
838.0,868.0,7.2,66.0
875.0,912.0,8.3,85.0
907.0,961.0,9.6,105.0
889.0,939.0,9.0,99.0
969.0,1064.0,12.4,132.0
1051.0,1157.0,15.3,186.0
1043.0,1181.0,16.1,174.0
1043.0,1121.0,14.1,149.0
1007.0,1027.0,11.4,114.0
966.0,959.0,9.5,92.0
920.0,875.0,7.4,75.0
889.0,831.0,6.4,74.0
825.0,715.0,4.1,35.0
758.0,580.0,1.9,22.0
735.0,533.0,1.4,180.0
719.0,522.0,1.2,24.0
757.0,596.0,2.2,30.0
890.0,831.0,6.4,93.0
1181.0,1255.0,18.5,332.0
1332.0,1556.0,30.2,387.0
1128.0,1124.0,14.2,267.0
1128.0,1126.0,14.3,269.0
1064.0,1069.0,12.6,193.0
1139.0,1240.0,18.0,239.0
1121.0,1214.0,17.1,232.0
1032.0,1083.0,13.0,152.0
1040.0,1022.0,11.2,115.0
1076.0,1105.0,13.6,169.0
1177.0,1310.0,20.5,226.0
1196.0,1303.0,20.2,218.0
1204.0,1381.0,23.1,245.0
1166.0,1304.0,20.3,236.0
959.0,949.0,9.3,104.0
1004.0,997.0,10.5,104.0
1050.0,1105.0,13.6,144.0
965.0,900.0,8.0,79.0
849.0,744.0,4.6,51.0
809.0,666.0,3.2,38.0
777.0,609.0,2.4,180.0
768.0,591.0,2.1,24.0
768.0,597.0,2.2,30.0
917.0,842.0,6.7,73.0
1252.0,1380.0,23.1,305.0
1224.0,1268.0,19.0,295.0
1277.0,1300.0,20.1,331.0
1149.0,1192.0,16.4,304.0
1091.0,1082.0,13.0,210.0
1053.0,1087.0,13.1,163.0
1023.0,1042.0,11.8,132.0
1085.0,1075.0,12.7,126.0
1116.0,1120.0,14.1,150.0
1111.0,1131.0,14.4,171.0
1210.0,1316.0,20.7,234.0
1250.0,1339.0,21.6,251.0
1297.0,1408.0,24.2,294.0
1313.0,1345.0,21.8,300.0
1146.0,1084.0,13.0,159.0
1199.0,1152.0,15.1,176.0
1274.0,1197.0,16.6,192.0
1243.0,1072.0,12.7,152.0
1054.0,923.0,8.6,63.0
962.0,778.0,5.3,35.0
915.0,690.0,3.6,180.0
871.0,639.0,2.8,21.0
877.0,658.0,3.1,41.0
893.0,696.0,3.7,48.0
1030.0,851.0,6.9,102.0
1059.0,926.0,8.6,111.0
1020.0,860.0,7.1,93.0
1045.0,840.0,6.6,118.0
1029.0,866.0,7.2,93.0
959.0,763.0,5.0,56.0
975.0,798.0,5.7,51.0
988.0,813.0,6.0,52.0
971.0,818.0,6.1,59.0
999.0,899.0,8.0,62.0
989.0,889.0,7.8,85.0
1075.0,1020.0,11.1,109.0
1190.0,1177.0,15.9,168.0
1172.0,1108.0,13.7,166.0
1256.0,1340.0,21.6,149.0
1190.0,1203.0,16.8,118.0
1249.0,1310.0,20.5,160.0
1072.0,1120.0,14.1,124.0
1035.0,1011.0,10.9,95.0
839.0,690.0,3.6,34.0
833.0,671.0,3.3,180.0
804.0,616.0,2.4,45.0
811.0,651.0,3.0,35.0
1028.0,934.0,8.9,141.0
1138.0,1141.0,14.8,199.0
1203.0,1185.0,16.2,224.0
1193.0,1136.0,14.6,245.0
1049.0,898.0,8.0,153.0
1090.0,942.0,9.1,145.0
1070.0,976.0,10.0,130.0
1014.0,970.0,9.8,95.0
972.0,912.0,8.3,88.0
951.0,880.0,7.5,89.0
1033.0,1038.0,11.7,127.0
983.0,1094.0,13.3,149.0
973.0,1128.0,14.4,170.0
1083.0,1237.0,17.9,210.0
1062.0,1176.0,15.9,230.0
1011.0,1122.0,14.2,203.0
1054.0,1110.0,13.8,174.0
1013.0,1038.0,11.7,164.0
870.0,823.0,6.2,76.0
857.0,769.0,5.1,52.0
835.0,739.0,4.5,47.0
844.0,759.0,4.9,180.0
763.0,622.0,2.5,37.0
769.0,606.0,2.3,41.0
891.0,790.0,5.5,74.0
1037.0,993.0,10.4,168.0
1090.0,1065.0,12.4,176.0
1117.0,1118.0,14.0,184.0
1109.0,1074.0,12.7,187.0
961.0,939.0,9.0,118.0
985.0,919.0,8.5,89.0
960.0,909.0,8.2,70.0
927.0,806.0,5.9,51.0
958.0,795.0,5.6,52.0
1019.0,842.0,6.7,70.0
1010.0,816.0,6.1,80.0
1030.0,844.0,6.7,90.0
1100.0,946.0,9.2,111.0
1079.0,909.0,8.2,107.0
1036.0,859.0,7.0,73.0
1085.0,959.0,9.5,75.0
1214.0,1151.0,15.1,144.0
1127.0,1041.0,11.7,120.0
1038.0,950.0,9.3,71.0
948.0,829.0,6.4,40.0
953.0,844.0,6.7,180.0
869.0,723.0,4.2,34.0
809.0,628.0,2.6,27.0
833.0,641.0,2.8,30.0
857.0,661.0,3.1,40.0
966.0,820.0,6.2,56.0
1063.0,894.0,7.9,104.0
1110.0,996.0,10.5,121.0
1055.0,941.0,9.0,100.0
939.0,828.0,6.3,59.0
816.0,684.0,3.5,42.0
841.0,712.0,4.0,38.0
842.0,722.0,4.2,40.0
990.0,852.0,6.9,70.0
1042.0,894.0,7.9,95.0
1089.0,893.0,7.9,90.0
1102.0,990.0,10.3,90.0
1095.0,996.0,10.5,111.0
1116.0,1075.0,12.7,135.0
1105.0,1046.0,11.9,146.0
1018.0,950.0,9.3,100.0
991.0,896.0,7.9,69.0
923.0,765.0,5.0,47.0
874.0,679.0,3.4,26.0
846.0,662.0,3.2,180.0
838.0,632.0,2.7,24.0
827.0,656.0,3.1,55.0
901.0,763.0,5.0,47.0
1291.0,1316.0,20.7,209.0
1441.0,1606.0,32.4,348.0
1363.0,1410.0,24.2,337.0
1218.0,1198.0,16.6,280.0
1132.0,1091.0,13.2,169.0
1103.0,1060.0,12.3,126.0
1081.0,1053.0,12.1,108.0
1079.0,1018.0,11.1,93.0
1167.0,1087.0,13.1,112.0
1148.0,1037.0,11.6,110.0
1221.0,1230.0,17.7,188.0
1255.0,1283.0,19.5,203.0
1245.0,1287.0,19.7,167.0
1162.0,1151.0,15.1,116.0
1079.0,1020.0,11.1,89.0
1091.0,1038.0,11.7,103.0
1085.0,1039.0,11.7,100.0
1050.0,966.0,9.7,86.0
941.0,814.0,6.0,52.0
891.0,705.0,3.9,27.0
842.0,624.0,2.6,180.0
850.0,639.0,2.8,35.0
863.0,652.0,3.0,42.0
956.0,784.0,5.4,57.0
1384.0,1391.0,23.5,228.0
1502.0,1631.0,33.5,350.0
1219.0,1163.0,15.5,232.0
1237.0,1157.0,15.3,206.0
1181.0,1078.0,12.8,159.0
1251.0,1154.0,15.2,184.0
1214.0,1170.0,15.7,136.0
1166.0,1062.0,12.3,124.0
1226.0,1157.0,15.3,133.0
1265.0,1229.0,17.6,156.0
1317.0,1338.0,21.5,200.0
1372.0,1382.0,23.2,202.0
1443.0,1443.0,25.6,286.0
1200.0,1126.0,14.3,141.0
1216.0,1130.0,14.4,117.0
1160.0,1070.0,12.6,110.0
1194.0,1106.0,13.7,100.0
1199.0,1087.0,13.1,112.0
965.0,818.0,6.1,35.0
961.0,801.0,5.8,33.0
901.0,697.0,3.7,180.0
864.0,629.0,2.6,28.0
952.0,742.0,4.6,49.0
1009.0,875.0,7.4,81.0
1225.0,1155.0,15.2,178.0
1245.0,1202.0,16.7,223.0
1265.0,1209.0,17.0,290.0
1276.0,1241.0,18.0,274.0
1232.0,1183.0,16.1,278.0
1193.0,1097.0,13.4,152.0
1162.0,1117.0,14.0,118.0
1126.0,1097.0,13.4,141.0
1089.0,993.0,10.4,131.0
1134.0,1073.0,12.7,171.0
1388.0,1418.0,24.5,287.0
1506.0,1499.0,27.8,267.0
1352.0,1385.0,23.3,280.0
1217.0,1227.0,17.6,224.0
1149.0,1132.0,14.5,137.0
1156.0,1129.0,14.4,118.0
1180.0,1122.0,14.2,128.0
1109.0,1080.0,12.9,111.0
1032.0,974.0,9.9,66.0
893.0,767.0,5.1,36.0
848.0,642.0,2.8,180.0
850.0,664.0,3.2,31.0
938.0,782.0,5.4,75.0
948.0,828.0,6.4,66.0
1225.0,1214.0,17.1,154.0
1380.0,1359.0,22.3,239.0
1276.0,1138.0,14.6,246.0
1246.0,1093.0,13.3,261.0
1141.0,996.0,10.5,179.0
1199.0,1124.0,14.2,159.0
1156.0,1056.0,12.2,111.0
1158.0,983.0,10.1,101.0
1163.0,1039.0,11.7,118.0
1078.0,1009.0,10.9,120.0
1244.0,1219.0,17.3,177.0
1236.0,1239.0,18.0,186.0
1364.0,1376.0,22.9,235.0
1193.0,1196.0,16.5,195.0
1078.0,985.0,10.2,106.0
1140.0,1035.0,11.6,107.0
1239.0,1127.0,14.3,134.0
1171.0,1093.0,13.3,117.0
1065.0,977.0,10.0,83.0
1024.0,882.0,7.6,77.0
873.0,679.0,3.4,180.0
874.0,668.0,3.3,37.0
887.0,647.0,2.9,50.0
993.0,795.0,5.6,60.0
1299.0,1225.0,17.5,179.0
1529.0,1526.0,29.0,300.0
1320.0,1210.0,17.0,263.0
1226.0,1168.0,15.6,265.0
1105.0,980.0,10.1,164.0
1160.0,1040.0,11.7,122.0
1125.0,1051.0,12.0,125.0
1099.0,1015.0,11.0,125.0
1124.0,1021.0,11.2,115.0
1105.0,995.0,10.5,162.0
1035.0,1043.0,11.8,149.0
1065.0,1110.0,13.8,161.0
1051.0,1220.0,17.3,201.0
1073.0,1124.0,14.2,209.0
1008.0,1004.0,10.7,133.0
1090.0,1073.0,12.7,133.0
1048.0,983.0,10.1,134.0
1131.0,1087.0,13.1,164.0
953.0,874.0,7.4,72.0
897.0,745.0,4.6,50.0
900.0,750.0,4.7,180.0
828.0,639.0,2.8,27.0
892.0,739.0,4.5,74.0
914.0,809.0,5.9,69.0
1096.0,1017.0,11.1,162.0
1173.0,1130.0,14.4,208.0
1125.0,1016.0,11.1,168.0
1079.0,976.0,9.9,139.0
974.0,930.0,8.8,104.0
977.0,973.0,9.9,99.0
912.0,873.0,7.4,89.0
896.0,817.0,6.1,57.0
896.0,822.0,6.2,64.0
956.0,862.0,7.1,65.0
970.0,900.0,8.0,79.0
929.0,869.0,7.3,80.0
947.0,926.0,8.7,81.0
1003.0,880.0,7.5,59.0
1045.0,940.0,9.0,90.0
1125.0,1035.0,11.6,122.0
1138.0,985.0,10.2,120.0
1217.0,1060.0,12.3,126.0
983.0,831.0,6.4,68.0
1007.0,864.0,7.2,65.0
957.0,816.0,6.1,180.0
914.0,725.0,4.3,38.0
886.0,702.0,3.8,31.0
899.0,708.0,4.0,40.0
942.0,723.0,4.2,36.0
1022.0,817.0,6.1,64.0
1009.0,810.0,6.0,56.0
1025.0,809.0,5.9,56.0
977.0,783.0,5.4,43.0
936.0,757.0,4.9,40.0
884.0,703.0,3.9,34.0
809.0,664.0,3.2,28.0
852.0,718.0,4.1,32.0
872.0,708.0,4.0,39.0
839.0,752.0,4.8,52.0
854.0,788.0,5.5,60.0
971.0,942.0,9.1,104.0
985.0,944.0,9.1,102.0
1027.0,981.0,10.1,120.0
1012.0,876.0,7.4,89.0
1086.0,973.0,9.9,121.0
1025.0,939.0,9.0,107.0
848.0,692.0,3.7,41.0
839.0,652.0,3.0,34.0
814.0,618.0,2.5,180.0
816.0,624.0,2.6,41.0
799.0,613.0,2.4,38.0
879.0,792.0,5.6,59.0
1104.0,1125.0,14.3,165.0
1344.0,1496.0,27.7,287.0
1226.0,1272.0,19.1,317.0
1157.0,1176.0,15.9,330.0
1059.0,1060.0,12.3,204.0
1076.0,1057.0,12.2,189.0
1066.0,1041.0,11.7,165.0
1049.0,994.0,10.4,139.0
1097.0,1074.0,12.7,156.0
1087.0,1018.0,11.1,130.0
1269.0,1269.0,19.0,173.0
1328.0,1405.0,24.1,302.0
1200.0,1270.0,19.1,239.0
1098.0,1105.0,13.6,139.0
1058.0,1004.0,10.7,92.0
1081.0,1025.0,11.3,104.0
1062.0,962.0,9.6,108.0
1078.0,971.0,9.8,107.0
917.0,761.0,4.9,55.0
881.0,718.0,4.1,43.0
865.0,671.0,3.3,180.0
829.0,602.0,2.2,23.0
913.0,743.0,4.6,65.0
1077.0,985.0,10.2,165.0
1337.0,1386.0,23.3,274.0
1467.0,1575.0,31.0,369.0
1257.0,1227.0,17.6,308.0
1227.0,1125.0,14.3,227.0
1188.0,1108.0,13.7,178.0
1301.0,1276.0,19.3,267.0
1201.0,1278.0,19.3,278.0
1058.0,1026.0,11.3,165.0
1037.0,1075.0,12.7,172.0
1055.0,1157.0,15.3,216.0
1179.0,1364.0,22.5,306.0
1298.0,1430.0,25.0,317.0
1213.0,1327.0,21.1,251.0
1233.0,1398.0,23.8,230.0
1086.0,1145.0,14.9,154.0
1056.0,1078.0,12.8,137.0
1138.0,1128.0,14.3,133.0
1112.0,1128.0,14.3,117.0
992.0,948.0,9.2,106.0
895.0,767.0,5.1,55.0
843.0,655.0,3.0,180.0
828.0,626.0,2.6,27.0
894.0,709.0,4.0,46.0
1072.0,976.0,9.9,144.0
1425.0,1486.0,27.3,392.0
1428.0,1500.0,27.9,358.0
1359.0,1415.0,24.5,381.0
1182.0,1122.0,14.2,261.0
1117.0,1045.0,11.9,207.0
1119.0,1088.0,13.1,155.0
1068.0,1152.0,15.1,193.0
1090.0,1120.0,14.1,195.0
1056.0,1024.0,11.3,159.0
1098.0,1007.0,10.8,120.0
1318.0,1339.0,21.5,228.0
1348.0,1347.0,21.8,348.0
1502.0,1546.0,29.8,337.0
1373.0,1364.0,22.5,282.0
1397.0,1346.0,21.8,228.0
1286.0,1214.0,17.1,168.0
1222.0,1161.0,15.4,173.0
1069.0,983.0,10.2,87.0
1011.0,864.0,7.2,65.0
962.0,803.0,5.8,43.0
919.0,723.0,4.2,180.0
969.0,769.0,5.1,43.0
986.0,784.0,5.4,66.0
990.0,821.0,6.2,57.0
1296.0,1208.0,16.9,231.0
1371.0,1384.0,23.2,219.0
1385.0,1240.0,18.0,288.0
1381.0,1227.0,17.6,312.0
1396.0,1306.0,20.3,361.0
1070.0,1000.0,10.6,147.0
1076.0,972.0,9.9,111.0
1126.0,1004.0,10.7,98.0
1225.0,1196.0,16.5,156.0
1202.0,1206.0,16.9,213.0
1308.0,1310.0,20.5,250.0
1440.0,1281.0,19.4,253.0
1611.0,1552.0,30.0,317.0
1387.0,1419.0,24.6,309.0
1268.0,1206.0,16.9,201.0
1237.0,1175.0,15.8,173.0
1302.0,1198.0,16.6,156.0
1347.0,1282.0,19.5,190.0
1355.0,1198.0,16.6,129.0
1023.0,822.0,6.2,65.0
903.0,631.0,2.7,180.0
876.0,605.0,2.3,29.0
932.0,707.0,3.9,58.0
1020.0,866.0,7.2,92.0
1264.0,1241.0,18.1,228.0
1179.0,1153.0,15.1,172.0
1079.0,966.0,9.7,154.0
1036.0,955.0,9.4,166.0
1002.0,964.0,9.6,149.0
995.0,959.0,9.5,111.0
1008.0,962.0,9.6,145.0
978.0,962.0,9.6,105.0
989.0,990.0,10.3,113.0
961.0,985.0,10.2,115.0
1009.0,1116.0,14.0,202.0
970.0,1117.0,14.0,180.0
1097.0,1199.0,16.6,190.0
1065.0,1105.0,13.6,207.0
1036.0,986.0,10.2,113.0
1049.0,958.0,9.5,98.0
1147.0,1043.0,11.8,152.0
1118.0,1082.0,13.0,161.0
1016.0,963.0,9.6,91.0
940.0,845.0,6.7,57.0
836.0,643.0,2.9,180.0
831.0,626.0,2.6,22.0
877.0,711.0,4.0,41.0
872.0,725.0,4.3,53.0
958.0,805.0,5.9,92.0
959.0,848.0,6.8,91.0
997.0,933.0,8.8,89.0
916.0,843.0,6.7,81.0
895.0,831.0,6.4,66.0
855.0,812.0,6.0,53.0
861.0,811.0,6.0,61.0
821.0,766.0,5.0,48.0
835.0,731.0,4.4,39.0
813.0,732.0,4.4,41.0
833.0,786.0,5.5,48.0
859.0,803.0,5.8,50.0
887.0,778.0,5.3,51.0
970.0,900.0,8.0,70.0
990.0,866.0,7.2,89.0
1022.0,899.0,8.0,100.0
1075.0,993.0,10.4,139.0
1088.0,1035.0,11.6,176.0
925.0,831.0,6.4,71.0
853.0,716.0,4.1,37.0
918.0,830.0,6.4,180.0
796.0,636.0,2.7,30.0
796.0,628.0,2.6,29.0
795.0,606.0,2.3,25.0
842.0,656.0,3.1,40.0
850.0,659.0,3.1,32.0
884.0,709.0,4.0,43.0
907.0,741.0,4.6,44.0
846.0,703.0,3.9,35.0
827.0,697.0,3.8,32.0
804.0,636.0,2.8,21.0
775.0,619.0,2.5,10.0
802.0,651.0,3.0,22.0
844.0,751.0,4.7,46.0
881.0,765.0,5.0,66.0
877.0,736.0,4.5,49.0
931.0,885.0,7.7,86.0
1011.0,967.0,9.7,111.0
1035.0,1015.0,11.0,143.0
1153.0,1042.0,11.8,184.0
1020.0,929.0,8.7,134.0
954.0,879.0,7.5,78.0
903.0,800.0,5.7,50.0
779.0,581.0,2.0,13.0
761.0,540.0,1.4,180.0
780.0,568.0,1.8,24.0
835.0,672.0,3.3,43.0
1004.0,955.0,9.4,146.0
1272.0,1328.0,21.1,333.0
1173.0,1217.0,17.2,298.0
986.0,922.0,8.5,178.0
942.0,849.0,6.8,177.0
957.0,875.0,7.4,172.0
1024.0,1052.0,12.1,183.0
962.0,963.0,9.6,164.0
958.0,873.0,7.4,122.0
933.0,831.0,6.4,105.0
942.0,912.0,8.3,144.0
1073.0,1117.0,14.0,220.0
1086.0,1159.0,15.3,207.0
1091.0,1161.0,15.4,210.0
980.0,1009.0,10.9,175.0
904.0,877.0,7.5,117.0
865.0,773.0,5.2,93.0
898.0,863.0,7.1,118.0
945.0,883.0,7.6,132.0
854.0,764.0,5.0,88.0
751.0,587.0,2.0,43.0
723.0,544.0,1.5,180.0
754.0,620.0,2.5,44.0
758.0,670.0,3.3,50.0
873.0,871.0,7.3,101.0
1176.0,1398.0,23.8,339.0
1257.0,1495.0,27.6,379.0
1137.0,1200.0,16.7,321.0
1064.0,1126.0,14.3,272.0
1026.0,1094.0,13.3,278.0
986.0,1133.0,14.5,253.0
908.0,1031.0,11.5,187.0
888.0,1007.0,10.8,149.0
843.0,830.0,6.4,89.0
905.0,931.0,8.8,124.0
1023.0,1127.0,14.3,206.0
1125.0,1279.0,19.4,241.0
1211.0,1483.0,27.1,303.0
1140.0,1289.0,19.7,294.0
1029.0,1105.0,13.6,203.0
981.0,1054.0,12.1,176.0
971.0,1014.0,11.0,155.0
927.0,930.0,8.8,108.0
868.0,846.0,6.7,72.0
863.0,824.0,6.3,65.0
820.0,716.0,4.1,180.0
777.0,645.0,2.9,39.0
855.0,762.0,5.0,79.0
960.0,973.0,9.9,140.0
1310.0,1492.0,27.5,427.0
1339.0,1561.0,30.4,366.0
1211.0,1290.0,19.8,311.0
1068.0,1171.0,15.7,275.0
932.0,1026.0,11.3,195.0
949.0,1069.0,12.6,144.0
944.0,1045.0,11.9,162.0
966.0,1131.0,14.4,200.0
940.0,1063.0,12.4,176.0
934.0,1041.0,11.7,203.0
1052.0,1252.0,18.4,237.0
1109.0,1374.0,22.9,263.0
1169.0,1430.0,25.0,300.0
1093.0,1163.0,15.5,189.0
1084.0,1200.0,16.7,185.0
970.0,1023.0,11.2,134.0
951.0,939.0,9.0,96.0
1038.0,1053.0,12.1,122.0
950.0,937.0,8.9,64.0
831.0,695.0,3.7,30.0
813.0,656.0,3.1,180.0
797.0,621.0,2.5,23.0
824.0,660.0,3.1,36.0
879.0,796.0,5.7,58.0
1132.0,1166.0,15.6,168.0
1291.0,1434.0,25.2,306.0
1193.0,1160.0,15.4,231.0
1057.0,914.0,8.4,157.0
1027.0,899.0,8.0,132.0
1084.0,1052.0,12.1,136.0
1032.0,1071.0,12.6,127.0
977.0,998.0,10.6,125.0
1039.0,1069.0,12.6,138.0
1056.0,1127.0,14.3,163.0
1164.0,1306.0,20.3,259.0
1124.0,1309.0,20.5,236.0
1152.0,1355.0,22.1,245.0
1223.0,1399.0,23.8,344.0
1058.0,1139.0,14.7,188.0
1049.0,1152.0,15.1,149.0
1010.0,1006.0,10.8,102.0
981.0,985.0,10.2,99.0
886.0,834.0,6.5,48.0
821.0,706.0,3.9,36.0
784.0,641.0,2.8,180.0
771.0,593.0,2.1,30.0
819.0,677.0,3.4,56.0
836.0,747.0,4.7,51.0
1114.0,1174.0,15.8,172.0
1319.0,1470.0,26.6,316.0
1211.0,1143.0,14.8,269.0
1051.0,950.0,9.3,196.0
1108.0,1049.0,12.0,206.0
1014.0,1012.0,10.9,156.0
1003.0,1047.0,11.9,120.0
1021.0,1092.0,13.2,161.0
986.0,937.0,8.9,114.0
1098.0,1084.0,13.0,191.0
1157.0,1245.0,18.2,236.0
1190.0,1395.0,23.7,287.0
1183.0,1341.0,21.6,266.0
1231.0,1341.0,21.6,274.0
1102.0,1195.0,16.5,196.0
1041.0,1060.0,12.3,144.0
1090.0,1103.0,13.6,142.0
1074.0,1078.0,12.8,124.0
977.0,956.0,9.4,93.0
949.0,910.0,8.3,71.0
912.0,842.0,6.7,180.0
863.0,746.0,4.6,56.0
834.0,689.0,3.6,46.0
865.0,764.0,5.0,51.0
974.0,908.0,8.2,83.0
1079.0,1004.0,10.7,175.0
1084.0,990.0,10.3,148.0
1107.0,1080.0,12.9,167.0
1040.0,1015.0,11.0,120.0
1019.0,913.0,8.3,78.0
1003.0,907.0,8.2,76.0
925.0,772.0,5.2,45.0
910.0,743.0,4.6,54.0
1012.0,868.0,7.2,70.0
1100.0,954.0,9.4,87.0
1046.0,901.0,8.0,69.0
1083.0,1003.0,10.7,95.0
1050.0,962.0,9.6,107.0
1050.0,927.0,8.7,88.0
1142.0,1035.0,11.6,100.0
1165.0,1043.0,11.8,125.0
1136.0,995.0,10.5,132.0
986.0,790.0,5.5,57.0
971.0,790.0,5.5,46.0
908.0,701.0,3.8,180.0
882.0,648.0,2.9,34.0
900.0,674.0,3.4,33.0
935.0,716.0,4.1,50.0
939.0,718.0,4.1,39.0
982.0,750.0,4.7,84.0
1088.0,862.0,7.1,93.0
1065.0,872.0,7.4,82.0
1016.0,868.0,7.3,73.0
930.0,723.0,4.2,43.0
928.0,716.0,4.1,39.0
889.0,698.0,3.8,27.0
966.0,802.0,5.8,46.0
973.0,792.0,5.6,53.0
950.0,754.0,4.8,38.0
982.0,780.0,5.3,39.0
990.0,814.0,6.1,49.0
1017.0,873.0,7.4,68.0
1067.0,938.0,9.0,102.0
1147.0,1040.0,11.7,123.0
1132.0,1014.0,11.0,106.0
976.0,814.0,6.0,66.0
920.0,730.0,4.3,43.0
879.0,642.0,2.8,33.0
854.0,604.0,2.3,180.0
880.0,649.0,2.9,33.0
925.0,717.0,4.1,75.0
1044.0,912.0,8.3,111.0
1279.0,1197.0,16.6,250.0
1403.0,1443.0,25.6,313.0
1282.0,1230.0,17.7,263.0
1262.0,1187.0,16.2,282.0
1195.0,1153.0,15.1,226.0
1173.0,1127.0,14.3,176.0
1102.0,1007.0,10.8,120.0
1076.0,982.0,10.1,96.0
1078.0,1012.0,10.9,115.0
1100.0,1014.0,11.0,108.0
1234.0,1205.0,16.8,142.0
1323.0,1316.0,20.7,219.0
1263.0,1283.0,19.5,193.0
1216.0,1136.0,14.6,128.0
1247.0,1127.0,14.3,127.0
1264.0,1177.0,15.9,132.0
1111.0,988.0,10.3,77.0
1068.0,931.0,8.8,72.0
1015.0,850.0,6.8,57.0
989.0,827.0,6.3,56.0
930.0,708.0,3.9,180.0
952.0,717.0,4.1,64.0
981.0,747.0,4.7,52.0
1138.0,974.0,9.9,122.0
1472.0,1424.0,24.8,314.0
1626.0,1713.0,37.3,395.0
1480.0,1460.0,26.2,357.0
1367.0,1342.0,21.6,308.0
1245.0,1181.0,16.1,184.0
1194.0,1083.0,13.0,128.0
1156.0,1096.0,13.4,125.0
1107.0,1106.0,13.7,135.0
1127.0,1117.0,14.0,158.0
1083.0,994.0,10.4,106.0
1289.0,1225.0,17.5,163.0
1209.0,1082.0,12.9,143.0
1221.0,1145.0,14.9,96.0
1255.0,1164.0,15.5,127.0
1163.0,1022.0,11.2,95.0
1234.0,1126.0,14.3,104.0
1240.0,1124.0,14.2,131.0
1128.0,978.0,10.0,92.0
1057.0,881.0,7.6,53.0
1026.0,801.0,5.8,45.0
925.0,656.0,3.1,180.0
917.0,635.0,2.7,19.0
1011.0,782.0,5.4,75.0
1079.0,869.0,7.3,84.0
1322.0,1250.0,18.4,160.0
1526.0,1495.0,27.7,286.0
1338.0,1207.0,16.9,212.0
1421.0,1354.0,22.1,279.0
1197.0,1209.0,17.0,207.0
1116.0,1063.0,12.4,140.0
1115.0,1031.0,11.5,110.0
1018.0,880.0,7.5,67.0
1109.0,989.0,10.3,98.0
1105.0,984.0,10.2,97.0
1128.0,1032.0,11.5,87.0
1301.0,1210.0,17.0,124.0
1416.0,1339.0,21.5,165.0
1301.0,1256.0,18.6,164.0
1261.0,1158.0,15.3,122.0
1295.0,1211.0,17.0,134.0
1239.0,1129.0,14.4,121.0
1229.0,1103.0,13.6,112.0
1125.0,963.0,9.6,62.0
1044.0,832.0,6.4,50.0
976.0,754.0,4.8,180.0
1015.0,781.0,5.4,72.0
954.0,715.0,4.1,48.0
1032.0,826.0,6.3,58.0
1518.0,1476.0,26.9,306.0
1602.0,1678.0,35.6,351.0
1362.0,1225.0,17.5,252.0
1394.0,1294.0,19.9,266.0
1205.0,1070.0,12.6,159.0
1210.0,1118.0,14.0,144.0
1138.0,1055.0,12.2,117.0
1079.0,1019.0,11.1,108.0
1158.0,1126.0,14.3,153.0
1186.0,1151.0,15.1,166.0
1261.0,1258.0,18.6,179.0
1339.0,1352.0,22.0,225.0
1342.0,1377.0,23.0,261.0
1317.0,1327.0,21.1,228.0
1210.0,1148.0,15.0,137.0
1220.0,1105.0,13.6,116.0
1276.0,1135.0,14.6,143.0
1270.0,1189.0,16.3,157.0
1053.0,933.0,8.8,72.0
956.0,813.0,6.0,42.0
954.0,790.0,5.5,180.0
912.0,706.0,3.9,34.0
973.0,802.0,5.8,74.0
1037.0,906.0,8.2,75.0
1306.0,1299.0,20.1,199.0
1367.0,1441.0,25.5,262.0
1335.0,1340.0,21.6,236.0
1250.0,1166.0,15.5,186.0
1142.0,1021.0,11.2,132.0
1168.0,1160.0,15.4,140.0
1125.0,1137.0,14.6,143.0
1083.0,1066.0,12.5,99.0
1080.0,1059.0,12.3,107.0
1085.0,1091.0,13.2,130.0
1115.0,1140.0,14.7,133.0
1259.0,1295.0,19.9,188.0
1241.0,1271.0,19.1,155.0
1156.0,1144.0,14.8,154.0
1055.0,922.0,8.6,95.0
1144.0,1014.0,11.0,110.0
1169.0,1084.0,13.0,116.0
1195.0,1156.0,15.2,153.0
1158.0,1052.0,12.1,111.0
1075.0,973.0,9.9,79.0
973.0,810.0,6.0,180.0
989.0,825.0,6.3,47.0
967.0,789.0,5.5,61.0
968.0,803.0,5.8,56.0
1062.0,902.0,8.1,69.0
1143.0,979.0,10.0,109.0
1152.0,976.0,9.9,111.0
1238.0,1088.0,13.1,150.0
1103.0,946.0,9.2,87.0
1043.0,843.0,6.7,64.0
1058.0,833.0,6.5,47.0
960.0,676.0,3.4,34.0
972.0,699.0,3.8,37.0
1012.0,775.0,5.2,49.0
1021.0,814.0,6.0,54.0
1034.0,812.0,6.0,70.0
1026.0,791.0,5.6,76.0
966.0,735.0,4.4,59.0
948.0,697.0,3.7,44.0
984.0,762.0,5.0,47.0
1077.0,859.0,7.1,71.0
1163.0,893.0,7.9,90.0
965.0,692.0,3.7,45.0
941.0,687.0,3.6,44.0
851.0,589.0,2.1,180.0
870.0,581.0,2.0,15.0
834.0,527.0,1.3,10.0
859.0,561.0,1.7,19.0
843.0,544.0,1.5,20.0
851.0,551.0,1.6,30.0
853.0,557.0,1.7,24.0
908.0,632.0,2.7,35.0
928.0,687.0,3.6,48.0
905.0,652.0,3.0,41.0
901.0,646.0,2.9,37.0
869.0,619.0,2.5,32.0
891.0,655.0,3.1,43.0
855.0,606.0,2.3,28.0
911.0,654.0,3.0,38.0
989.0,713.0,4.0,72.0
1048.0,826.0,6.3,89.0
1049.0,839.0,6.6,103.0
1035.0,868.0,7.3,77.0
1034.0,850.0,6.8,84.0
1022.0,826.0,6.3,82.0
1007.0,809.0,5.9,81.0
945.0,755.0,4.8,50.0
880.0,649.0,2.9,30.0
837.0,597.0,2.2,180.0
822.0,569.0,1.8,14.0
860.0,623.0,2.5,51.0
1023.0,847.0,6.8,120.0
1150.0,1020.0,11.2,180.0
1088.0,965.0,9.7,168.0
993.0,866.0,7.2,111.0
962.0,849.0,6.8,111.0
974.0,905.0,8.1,97.0
998.0,913.0,8.3,90.0
964.0,923.0,8.6,87.0
903.0,780.0,5.3,67.0
973.0,903.0,8.1,84.0
976.0,907.0,8.2,86.0
1026.0,1048.0,12.0,124.0
1163.0,1227.0,17.6,144.0
1082.0,1134.0,14.5,130.0
1029.0,1042.0,11.8,122.0
991.0,953.0,9.4,82.0
950.0,856.0,7.0,62.0
997.0,898.0,8.0,65.0
912.0,810.0,6.0,52.0
861.0,729.0,4.3,22.0
838.0,719.0,4.1,27.0
784.0,587.0,2.0,180.0
800.0,615.0,2.4,29.0
825.0,634.0,2.7,29.0
996.0,853.0,6.9,135.0
1086.0,947.0,9.2,181.0
1041.0,962.0,9.6,119.0
991.0,944.0,9.1,116.0
999.0,953.0,9.3,143.0
981.0,918.0,8.5,126.0
926.0,853.0,6.9,94.0
939.0,853.0,6.9,96.0
915.0,828.0,6.4,90.0
883.0,820.0,6.2,93.0
926.0,869.0,7.3,101.0
989.0,1004.0,10.7,123.0
1003.0,1045.0,11.9,136.0
933.0,1001.0,10.6,109.0
912.0,951.0,9.3,124.0
888.0,843.0,6.7,82.0
858.0,866.0,7.2,69.0
837.0,809.0,5.9,60.0
902.0,929.0,8.7,90.0
860.0,847.0,6.8,58.0
794.0,698.0,3.8,53.0
742.0,602.0,2.2,180.0
779.0,663.0,3.2,45.0
798.0,706.0,3.9,61.0
851.0,827.0,6.3,76.0
1048.0,1105.0,13.6,144.0
1210.0,1472.0,26.7,221.0
1172.0,1372.0,22.8,282.0
1026.0,1186.0,16.2,235.0
914.0,994.0,10.4,113.0
938.0,1025.0,11.3,93.0
908.0,962.0,9.6,88.0
892.0,889.0,7.8,87.0
949.0,1003.0,10.7,109.0
956.0,1007.0,10.8,106.0
1070.0,1218.0,17.3,182.0
1103.0,1232.0,17.7,180.0
1074.0,1166.0,15.5,144.0
1086.0,1105.0,13.6,144.0
960.0,964.0,9.6,84.0
974.0,958.0,9.5,74.0
939.0,918.0,8.5,80.0
954.0,940.0,9.0,78.0
925.0,890.0,7.8,50.0
797.0,624.0,2.6,18.0
787.0,610.0,2.4,180.0
774.0,577.0,1.9,21.0
838.0,693.0,3.7,62.0
918.0,860.0,7.1,74.0
1125.0,1199.0,16.6,171.0
1281.0,1469.0,26.6,287.0
1145.0,1238.0,17.9,230.0
1088.0,1238.0,17.9,261.0
1043.0,1117.0,14.0,178.0
998.0,981.0,10.1,116.0
998.0,958.0,9.5,96.0
960.0,860.0,7.1,83.0
1062.0,1060.0,12.3,120.0
1050.0,1039.0,11.7,108.0
1096.0,1078.0,12.8,115.0
1081.0,1117.0,14.0,102.0
1096.0,1112.0,13.9,118.0
1051.0,1039.0,11.7,107.0
1106.0,1109.0,13.8,129.0
1177.0,1142.0,14.8,133.0
1111.0,1046.0,11.9,98.0
1083.0,1019.0,11.1,110.0
1005.0,900.0,8.0,62.0
942.0,791.0,5.6,55.0
907.0,863.0,7.1,180.0
867.0,680.0,3.5,35.0
882.0,716.0,4.1,52.0
894.0,761.0,4.9,36.0
1263.0,1279.0,19.4,182.0
1380.0,1463.0,26.3,297.0
1333.0,1350.0,22.0,237.0
1264.0,1244.0,18.1,235.0
1115.0,1053.0,12.1,158.0
1078.0,956.0,9.4,89.0
1055.0,980.0,10.1,80.0
1031.0,995.0,10.5,93.0
1033.0,1006.0,10.8,96.0
1043.0,962.0,9.6,98.0
1118.0,1084.0,13.0,104.0
1137.0,1165.0,15.5,121.0
1153.0,1194.0,16.5,116.0
1145.0,1134.0,14.5,121.0
1149.0,1092.0,13.2,114.0
1149.0,1143.0,14.8,112.0
1052.0,1002.0,10.7,81.0
1063.0,909.0,8.2,220.0
935.0,832.0,6.4,81.0
935.0,787.0,5.5,43.0
930.0,772.0,5.2,180.0
880.0,704.0,3.9,26.0
916.0,748.0,4.7,40.0
975.0,871.0,7.3,72.0
948.0,829.0,6.4,68.0
1069.0,947.0,9.2,89.0
1210.0,1067.0,12.5,151.0
1272.0,1170.0,15.7,215.0
1240.0,1175.0,15.9,196.0
1171.0,1135.0,14.6,161.0
1072.0,1039.0,11.7,120.0
970.0,873.0,7.4,88.0
938.0,816.0,6.1,38.0
976.0,852.0,6.9,47.0
958.0,820.0,6.2,40.0
1014.0,903.0,8.1,58.0
1091.0,987.0,10.2,71.0
1080.0,1004.0,10.7,90.0
1128.0,1082.0,13.0,95.0
1105.0,1027.0,11.4,85.0
1141.0,1095.0,13.3,119.0
1104.0,1020.0,11.2,106.0
1065.0,970.0,9.8,77.0
971.0,821.0,6.2,28.0
891.0,691.0,3.6,180.0
936.0,713.0,4.0,21.0
845.0,625.0,2.6,17.0
872.0,627.0,2.6,24.0
903.0,648.0,2.9,19.0
971.0,722.0,4.2,39.0
1006.0,789.0,5.5,46.0
1012.0,804.0,5.8,53.0
975.0,737.0,4.5,32.0
944.0,730.0,4.3,30.0
857.0,685.0,3.5,24.0
824.0,683.0,3.5,34.0
868.0,707.0,3.9,63.0
908.0,748.0,4.7,69.0
912.0,776.0,5.3,61.0
986.0,830.0,6.4,73.0
1037.0,900.0,8.0,75.0
1088.0,948.0,9.2,69.0
1093.0,944.0,9.1,71.0
1142.0,945.0,9.1,73.0
1170.0,959.0,9.5,86.0
1142.0,945.0,9.1,65.0
986.0,762.0,5.0,74.0
942.0,696.0,3.7,45.0
882.0,595.0,2.2,180.0
854.0,553.0,1.6,2.0
910.0,630.0,2.7,29.0
1005.0,791.0,5.6,42.0
1193.0,1085.0,13.0,146.0
1297.0,1233.0,17.8,180.0
1180.0,1031.0,11.5,163.0
1134.0,1017.0,11.1,144.0
1113.0,1013.0,11.0,125.0
1084.0,1004.0,10.7,90.0
1009.0,921.0,8.5,76.0
1002.0,928.0,8.7,73.0
1007.0,956.0,9.4,73.0
996.0,959.0,9.5,80.0
1050.0,1082.0,12.9,121.0
1100.0,1107.0,13.7,129.0
1085.0,1057.0,12.2,103.0
1079.0,1042.0,11.8,87.0
1086.0,974.0,9.9,58.0
1092.0,1005.0,10.7,64.0
1097.0,956.0,9.4,58.0
1075.0,904.0,8.1,44.0
1008.0,838.0,6.6,28.0
895.0,672.0,3.3,19.0
838.0,559.0,1.7,180.0
866.0,603.0,2.3,48.0
872.0,617.0,2.5,77.0
922.0,664.0,3.2,110.0
1362.0,1277.0,19.3,282.0
1349.0,1333.0,21.3,275.0
1298.0,1215.0,17.2,253.0
1234.0,1154.0,15.2,211.0
1147.0,999.0,10.6,176.0
1173.0,1061.0,12.3,153.0
1118.0,995.0,10.5,144.0
1078.0,951.0,9.3,127.0
1076.0,951.0,9.3,112.0
1103.0,1014.0,11.0,180.0
1117.0,1052.0,12.1,148.0
1166.0,1108.0,13.7,140.0
1157.0,1082.0,12.9,125.0
1136.0,990.0,10.3,111.0
1122.0,959.0,9.5,102.0
1121.0,989.0,10.3,108.0
1150.0,1020.0,11.2,132.0
1074.0,949.0,9.2,104.0
1039.0,899.0,8.0,92.0
963.0,804.0,5.8,78.0
889.0,710.0,4.0,180.0
868.0,652.0,3.0,180.0
877.0,654.0,3.0,180.0
1056.0,893.0,7.8,180.0
1288.0,1278.0,19.3,180.0
1381.0,1454.0,26.0,180.0
1113.0,1001.0,10.6,180.0
1062.0,909.0,8.2,180.0
1094.0,976.0,9.9,180.0
1050.0,923.0,8.6,180.0
1056.0,926.0,8.7,180.0
944.0,814.0,6.0,180.0
1003.0,901.0,8.0,180.0
1018.0,881.0,7.6,180.0
1108.0,1003.0,10.7,180.0
1049.0,927.0,8.7,180.0
1078.0,897.0,8.0,180.0
999.0,867.0,7.2,180.0
943.0,798.0,5.7,180.0
987.0,790.0,5.5,180.0
939.0,743.0,4.6,180.0
1015.0,840.0,6.6,180.0
935.0,737.0,4.5,180.0
908.0,700.0,3.8,180.0
853.0,605.0,2.3,180.0
851.0,592.0,2.1,180.0
957.0,705.0,3.9,180.0
1059.0,836.0,6.5,180.0
1261.0,1134.0,14.5,180.0
1215.0,1150.0,15.1,180.0
1097.0,940.0,9.0,180.0
1135.0,1030.0,11.4,180.0
1117.0,1020.0,11.2,104.0
1108.0,985.0,10.2,98.0
1038.0,906.0,8.2,66.0
985.0,838.0,6.6,60.0
1100.0,832.0,6.4,85.0
1067.0,855.0,7.0,90.0
1140.0,963.0,9.6,122.0
1113.0,954.0,9.4,117.0
1124.0,984.0,10.2,115.0
1056.0,886.0,7.7,127.0
1002.0,783.0,5.4,79.0
971.0,789.0,5.5,61.0
1001.0,799.0,5.7,67.0
1058.0,867.0,7.2,93.0
1030.0,848.0,6.8,77.0
950.0,762.0,5.0,60.0
912.0,716.0,4.1,180.0
893.0,676.0,3.4,45.0
938.0,734.0,4.4,65.0
1065.0,889.0,7.7,94.0
1240.0,1102.0,13.6,205.0
1307.0,1270.0,19.1,240.0
1229.0,1188.0,16.3,237.0
1220.0,1122.0,14.2,245.0
1218.0,1168.0,15.6,206.0
1171.0,1129.0,14.4,156.0
1067.0,995.0,10.5,126.0
1054.0,985.0,10.2,108.0
1051.0,1003.0,10.7,102.0
1103.0,1035.0,11.6,110.0
970.0,894.0,7.9,57.0
1100.0,1038.0,11.7,109.0
1129.0,1137.0,14.6,151.0
1126.0,1089.0,13.2,153.0
1019.0,971.0,9.8,103.0
1011.0,930.0,8.8,76.0
1039.0,991.0,10.4,93.0
974.0,920.0,8.5,75.0
925.0,831.0,6.4,57.0
810.0,674.0,3.4,32.0
800.0,627.0,2.6,180.0
813.0,645.0,2.9,42.0
788.0,604.0,2.3,37.0
815.0,670.0,3.3,44.0
868.0,771.0,5.1,51.0
951.0,886.0,7.7,74.0
1075.0,996.0,10.5,115.0
1058.0,1012.0,10.9,109.0
1012.0,914.0,8.4,80.0
929.0,811.0,6.0,57.0
902.0,813.0,6.0,56.0
836.0,750.0,4.7,43.0
858.0,776.0,5.3,43.0
886.0,803.0,5.8,51.0
974.0,833.0,6.5,46.0
1008.0,915.0,8.4,71.0
990.0,912.0,8.3,65.0
981.0,917.0,8.4,78.0
954.0,828.0,6.4,51.0
1030.0,988.0,10.3,84.0
1033.0,1011.0,10.9,89.0
963.0,872.0,7.4,65.0
918.0,805.0,5.8,43.0
868.0,736.0,4.5,32.0
886.0,744.0,4.6,180.0
813.0,609.0,2.4,22.0
815.0,616.0,2.4,21.0
815.0,627.0,2.6,27.0
835.0,638.0,2.8,31.0
921.0,738.0,4.5,46.0
963.0,774.0,5.2,62.0
935.0,724.0,4.2,43.0
1007.0,751.0,4.8,53.0
1032.0,744.0,4.6,87.0
901.0,689.0,3.6,36.0
851.0,627.0,2.6,21.0
877.0,655.0,3.0,27.0
909.0,690.0,3.6,29.0
908.0,715.0,4.1,38.0
926.0,763.0,5.0,41.0
1010.0,836.0,6.5,66.0
1031.0,868.0,7.3,63.0
1070.0,905.0,8.1,88.0
1124.0,992.0,10.4,87.0
1066.0,940.0,9.0,86.0
1001.0,836.0,6.5,49.0
967.0,824.0,6.3,40.0
901.0,733.0,4.4,27.0
835.0,638.0,2.8,180.0
820.0,598.0,2.2,23.0
896.0,694.0,3.7,58.0
996.0,872.0,7.4,87.0
1159.0,1151.0,15.1,143.0
1185.0,1152.0,15.1,96.0
1168.0,1138.0,14.7,16.0
1044.0,970.0,9.8,54.0
983.0,897.0,8.0,42.0
1032.0,912.0,8.3,72.0
1019.0,889.0,7.7,54.0
982.0,844.0,6.7,52.0
1016.0,880.0,7.5,64.0
1063.0,909.0,8.2,70.0
1063.0,909.0,8.2,65.0
1063.0,909.0,8.2,80.0
1063.0,909.0,8.2,88.0
1091.0,925.0,8.6,81.0
1109.0,965.0,9.7,59.0
1098.0,944.0,9.1,69.0
1088.0,945.0,9.1,58.0
1035.0,859.0,7.0,33.0
942.0,758.0,4.9,17.0
902.0,680.0,3.5,6.0
919.0,704.0,3.9,180.0
875.0,665.0,3.2,20.0
927.0,747.0,4.7,58.0
1032.0,883.0,7.6,106.0
1193.0,1139.0,14.7,143.0
1268.0,1259.0,18.7,167.0
1238.0,1144.0,14.8,188.0
1230.0,1133.0,14.5,164.0
1161.0,1074.0,12.7,128.0
1048.0,949.0,9.2,88.0
929.0,752.0,4.8,51.0
950.0,783.0,5.4,52.0
1013.0,864.0,7.2,59.0
1034.0,845.0,6.7,67.0
1082.0,965.0,9.7,105.0
1110.0,1012.0,10.9,91.0
1118.0,999.0,10.6,69.0
1136.0,967.0,9.7,65.0
1106.0,924.0,8.6,58.0
1151.0,984.0,10.2,67.0
1144.0,997.0,10.5,64.0
1118.0,930.0,8.8,65.0
1066.0,839.0,6.6,47.0
991.0,778.0,5.3,29.0
906.0,650.0,3.0,180.0
903.0,662.0,3.2,16.0
941.0,685.0,3.5,50.0
1074.0,866.0,7.2,78.0
1114.0,958.0,9.5,89.0
1162.0,1019.0,11.1,97.0
1165.0,967.0,9.7,93.0
1179.0,957.0,9.5,105.0
1144.0,913.0,8.3,89.0
1066.0,813.0,6.0,63.0
1056.0,802.0,5.8,52.0
995.0,769.0,5.1,48.0
967.0,740.0,4.5,50.0
1048.0,839.0,6.6,80.0
1092.0,901.0,8.0,78.0
1056.0,883.0,7.6,64.0
1100.0,982.0,10.1,84.0
1057.0,890.0,7.8,72.0
1068.0,917.0,8.4,70.0
1050.0,887.0,7.7,59.0
1074.0,884.0,7.6,63.0
1053.0,895.0,7.9,58.0
1003.0,825.0,6.3,68.0
933.0,701.0,3.8,57.0
869.0,614.0,2.4,180.0
864.0,617.0,2.5,15.0
931.0,721.0,4.2,47.0
921.0,738.0,4.5,39.0
1139.0,1013.0,11.0,87.0
1205.0,1118.0,14.1,122.0
1126.0,957.0,9.5,122.0
1066.0,855.0,6.9,101.0
1069.0,867.0,7.2,92.0
975.0,788.0,5.5,70.0
955.0,766.0,5.1,58.0
949.0,764.0,5.0,44.0
941.0,792.0,5.6,44.0
942.0,800.0,5.7,52.0
974.0,855.0,7.0,53.0
1012.0,904.0,8.1,65.0
1017.0,929.0,8.7,67.0
1006.0,896.0,7.9,67.0
1008.0,878.0,7.5,53.0
989.0,814.0,6.0,53.0
1080.0,920.0,8.5,60.0
1033.0,856.0,7.0,60.0
968.0,794.0,5.6,39.0
853.0,626.0,2.6,22.0
810.0,544.0,1.5,180.0
817.0,558.0,1.7,7.0
840.0,586.0,2.0,25.0
940.0,709.0,4.0,47.0
1076.0,924.0,8.6,101.0
1086.0,981.0,10.1,100.0
1031.0,929.0,8.7,79.0
1016.0,896.0,7.9,91.0
953.0,801.0,5.8,83.0
918.0,779.0,5.3,65.0
892.0,724.0,4.2,55.0
841.0,673.0,3.3,40.0
799.0,709.0,4.0,48.0
838.0,726.0,4.3,46.0
870.0,745.0,4.6,54.0
892.0,771.0,5.1,55.0
926.0,805.0,5.9,60.0
919.0,796.0,5.7,62.0
932.0,746.0,4.7,51.0
957.0,767.0,5.1,57.0
994.0,806.0,5.9,72.0
984.0,795.0,5.6,63.0
919.0,737.0,4.5,49.0
847.0,618.0,2.5,30.0
802.0,559.0,1.7,180.0
795.0,569.0,1.8,18.0
809.0,578.0,1.9,22.0
835.0,626.0,2.6,39.0
967.0,826.0,6.3,68.0
969.0,849.0,6.8,84.0
913.0,749.0,4.7,54.0
933.0,748.0,4.7,51.0
922.0,712.0,4.0,52.0
914.0,726.0,4.3,44.0
873.0,699.0,3.8,47.0
831.0,676.0,3.4,37.0
840.0,685.0,3.6,33.0
874.0,686.0,3.6,36.0
896.0,687.0,3.6,33.0
964.0,769.0,5.1,40.0
1001.0,838.0,6.6,56.0
1005.0,868.0,7.3,71.0
979.0,818.0,6.1,57.0
935.0,774.0,5.2,43.0
939.0,758.0,4.9,40.0
878.0,684.0,3.5,26.0
848.0,650.0,3.0,24.0
826.0,631.0,2.7,24.0
804.0,597.0,2.2,180.0
789.0,584.0,2.0,18.0
785.0,612.0,2.4,18.0
772.0,584.0,2.0,19.0
796.0,623.0,2.5,22.0
875.0,682.0,3.5,34.0
955.0,811.0,6.0,61.0
938.0,778.0,5.3,46.0
954.0,826.0,6.3,56.0
875.0,753.0,4.8,31.0
810.0,664.0,3.2,11.0
746.0,624.0,2.6,8.0
738.0,610.0,2.4,14.0
771.0,652.0,3.0,21.0
799.0,658.0,3.1,26.0
831.0,679.0,3.4,37.0
885.0,743.0,4.6,53.0
883.0,731.0,4.4,56.0
906.0,790.0,5.5,51.0
982.0,906.0,8.2,79.0
892.0,766.0,5.0,38.0
841.0,711.0,4.0,25.0
859.0,693.0,3.7,24.0
810.0,657.0,3.1,11.0
759.0,566.0,1.8,180.0
749.0,543.0,1.5,16.0
766.0,616.0,2.4,43.0
865.0,783.0,5.4,86.0
924.0,920.0,8.5,92.0
973.0,1010.0,10.9,102.0
1028.0,1048.0,12.0,171.0
979.0,999.0,10.6,148.0
892.0,874.0,7.4,119.0
892.0,869.0,7.3,71.0
836.0,741.0,4.6,53.0
824.0,708.0,4.0,61.0
825.0,702.0,3.8,53.0
871.0,761.0,5.0,61.0
903.0,853.0,6.9,72.0
944.0,857.0,7.0,67.0
969.0,850.0,6.8,70.0
1005.0,919.0,8.5,81.0
972.0,898.0,8.0,79.0
960.0,798.0,5.7,73.0
946.0,767.0,5.1,57.0
959.0,787.0,5.5,45.0
877.0,658.0,3.1,25.0
867.0,645.0,2.9,23.0
836.0,626.0,2.6,180.0
820.0,597.0,2.2,18.0
828.0,618.0,2.5,23.0
929.0,791.0,5.6,59.0
1118.0,1079.0,12.9,135.0
1155.0,1181.0,16.0,167.0
1112.0,1058.0,12.2,190.0
1094.0,979.0,10.0,142.0
1022.0,890.0,7.8,180.0
968.0,805.0,5.9,180.0
978.0,840.0,6.6,180.0
947.0,751.0,4.8,180.0
997.0,808.0,5.9,180.0
1026.0,813.0,6.0,180.0
973.0,764.0,5.0,180.0
925.0,721.0,4.2,180.0
957.0,766.0,5.0,180.0
1029.0,877.0,7.5,180.0
1109.0,952.0,9.3,180.0
1105.0,977.0,10.0,180.0
1039.0,906.0,8.2,180.0
965.0,832.0,6.4,180.0
955.0,812.0,6.0,180.0
935.0,782.0,5.4,180.0
902.0,735.0,4.4,180.0
875.0,714.0,4.1,180.0
884.0,729.0,4.3,180.0
942.0,825.0,6.3,180.0
1077.0,1012.0,10.9,180.0
1040.0,1022.0,11.2,180.0
982.0,836.0,6.5,180.0
995.0,800.0,5.7,180.0
1024.0,859.0,7.0,180.0
1029.0,791.0,5.6,180.0
1003.0,787.0,5.5,180.0
987.0,782.0,5.4,180.0
1023.0,859.0,7.0,180.0
1023.0,875.0,7.4,83.0
1064.0,942.0,9.1,94.0
1042.0,936.0,8.9,84.0
1059.0,947.0,9.2,90.0
1050.0,921.0,8.5,91.0
1025.0,896.0,7.9,70.0
1029.0,816.0,6.1,75.0
1055.0,831.0,6.4,72.0
1001.0,799.0,5.7,59.0
936.0,730.0,4.4,48.0
863.0,608.0,2.3,41.0
834.0,565.0,1.8,180.0
841.0,578.0,1.9,11.0
871.0,611.0,2.4,11.0
962.0,747.0,4.7,37.0
1083.0,889.0,7.8,72.0
1061.0,891.0,7.8,53.0
1012.0,824.0,6.3,31.0
1031.0,834.0,6.5,47.0
1011.0,816.0,6.1,33.0
1009.0,824.0,6.3,35.0
980.0,793.0,5.6,32.0
961.0,803.0,5.8,23.0
966.0,784.0,5.4,27.0
1022.0,849.0,6.8,32.0
1091.0,953.0,9.3,51.0
1063.0,919.0,8.5,46.0
1116.0,952.0,9.3,62.0
1101.0,875.0,7.4,65.0
1072.0,831.0,6.4,180.0
1080.0,890.0,7.8,180.0
1005.0,792.0,5.6,180.0
998.0,776.0,5.3,180.0
1000.0,763.0,5.0,180.0
932.0,720.0,4.2,180.0
808.0,539.0,1.4,180.0
795.0,494.0,1.0,180.0
886.0,613.0,2.4,180.0
974.0,740.0,4.5,180.0
1112.0,936.0,8.9,180.0
1175.0,1080.0,12.9,180.0
1091.0,925.0,8.6,180.0
1066.0,890.0,7.8,180.0
1031.0,887.0,7.7,180.0
1004.0,868.0,7.3,180.0
927.0,698.0,3.8,180.0
924.0,673.0,3.3,180.0
912.0,671.0,3.3,180.0
976.0,752.0,4.8,180.0
989.0,798.0,5.7,180.0
986.0,794.0,5.6,180.0
984.0,800.0,5.7,180.0
1000.0,857.0,7.0,180.0
996.0,848.0,6.8,180.0
1013.0,913.0,8.3,180.0
1004.0,851.0,6.9,180.0
949.0,814.0,6.0,180.0
895.0,783.0,5.4,180.0
863.0,707.0,3.9,180.0
786.0,587.0,2.0,180.0
792.0,597.0,2.2,180.0
816.0,653.0,3.0,180.0
826.0,682.0,3.5,180.0
826.0,698.0,3.8,180.0
809.0,664.0,3.2,180.0
809.0,624.0,2.6,180.0
853.0,681.0,3.5,180.0
814.0,657.0,3.1,180.0
807.0,658.0,3.1,180.0
811.0,653.0,3.0,180.0
796.0,601.0,2.2,180.0
833.0,649.0,3.0,180.0
856.0,684.0,3.5,180.0
830.0,696.0,3.7,180.0
883.0,782.0,5.4,180.0
965.0,936.0,8.9,180.0
931.0,890.0,7.8,180.0
885.0,791.0,5.6,180.0
900.0,773.0,5.2,180.0
904.0,845.0,6.7,180.0
944.0,900.0,8.0,180.0
907.0,832.0,6.4,180.0
886.0,774.0,5.2,180.0
882.0,767.0,5.1,180.0
843.0,713.0,4.0,180.0
825.0,694.0,3.7,180.0
791.0,638.0,2.8,180.0
856.0,735.0,4.5,180.0
861.0,746.0,4.7,180.0
924.0,814.0,6.0,180.0
941.0,805.0,5.8,180.0
879.0,775.0,5.2,180.0
816.0,742.0,4.6,180.0
715.0,589.0,2.1,180.0
717.0,570.0,1.8,180.0
711.0,640.0,2.8,180.0
731.0,686.0,3.6,180.0
752.0,713.0,4.0,180.0
879.0,779.0,5.3,180.0
922.0,874.0,7.4,180.0
958.0,900.0,8.0,180.0
949.0,876.0,7.4,180.0
922.0,818.0,6.1,180.0
902.0,790.0,5.5,180.0
932.0,820.0,6.2,180.0
870.0,733.0,4.4,180.0
812.0,675.0,3.4,180.0
773.0,613.0,2.4,180.0
769.0,582.0,2.0,180.0
763.0,583.0,2.0,180.0
809.0,701.0,3.8,180.0
893.0,881.0,7.6,180.0
1028.0,1146.0,14.9,180.0
1011.0,1051.0,12.0,111.0
994.0,947.0,9.2,180.0
937.0,908.0,8.2,86.0
902.0,808.0,5.9,57.0
860.0,748.0,4.7,39.0
843.0,716.0,4.1,41.0
872.0,760.0,4.9,47.0
857.0,775.0,5.2,45.0
922.0,878.0,7.5,60.0
951.0,875.0,7.4,51.0
962.0,891.0,7.8,53.0
957.0,926.0,8.6,72.0
928.0,837.0,6.5,62.0
895.0,846.0,6.8,41.0
902.0,797.0,5.7,32.0
904.0,801.0,5.8,44.0
919.0,799.0,5.7,29.0
812.0,663.0,3.2,18.0
776.0,590.0,2.1,180.0
762.0,563.0,1.7,12.0
786.0,642.0,2.8,39.0
868.0,798.0,5.7,83.0
965.0,977.0,10.0,149.0
1049.0,1133.0,14.5,216.0
1008.0,973.0,9.9,153.0
1008.0,1021.0,11.2,177.0
973.0,911.0,8.3,126.0
964.0,959.0,9.5,96.0
923.0,862.0,7.1,92.0
934.0,811.0,6.0,75.0
1036.0,943.0,9.1,109.0
1076.0,994.0,10.4,133.0
1055.0,927.0,8.7,87.0
1081.0,938.0,9.0,80.0
1072.0,850.0,6.8,70.0
1038.0,773.0,5.2,67.0
1059.0,800.0,5.7,66.0
1070.0,852.0,6.9,97.0
1093.0,893.0,7.8,90.0
1016.0,849.0,6.8,99.0
988.0,825.0,6.3,71.0
930.0,749.0,4.7,59.0
815.0,584.0,2.0,180.0
884.0,686.0,3.6,26.0
913.0,730.0,4.4,47.0
994.0,829.0,6.4,108.0
1173.0,1047.0,11.9,160.0
1314.0,1325.0,21.0,204.0
1252.0,1168.0,15.6,193.0
1151.0,1053.0,12.1,146.0
1122.0,951.0,9.3,126.0
1111.0,927.0,8.7,90.0
1058.0,894.0,7.9,84.0
972.0,820.0,6.2,60.0
985.0,826.0,6.3,66.0
1004.0,814.0,6.0,57.0
1030.0,897.0,7.9,71.0
965.0,802.0,5.8,51.0
987.0,824.0,6.3,49.0
923.0,811.0,6.0,59.0
872.0,824.0,6.3,66.0
939.0,849.0,6.8,72.0
954.0,855.0,7.0,89.0
969.0,857.0,7.0,75.0
882.0,763.0,5.0,38.0
805.0,637.0,2.8,24.0
790.0,590.0,2.1,180.0
779.0,560.0,1.7,19.0
842.0,640.0,2.8,40.0
1063.0,909.0,8.2,63.0
1063.0,909.0,8.2,121.0
1063.0,909.0,8.2,143.0
1063.0,909.0,8.2,104.0
1063.0,909.0,8.2,111.0
1063.0,909.0,8.2,83.0
1063.0,909.0,8.2,90.0
1063.0,909.0,8.2,82.0
1063.0,909.0,8.2,48.0
1063.0,909.0,8.2,89.0
1063.0,909.0,8.2,58.0
1063.0,909.0,8.2,129.0
1063.0,909.0,8.2,103.0
1063.0,909.0,8.2,115.0
1063.0,909.0,8.2,108.0
1063.0,909.0,8.2,60.0
1063.0,909.0,8.2,68.0
1063.0,909.0,8.2,36.0
1063.0,909.0,8.2,81.0
1063.0,909.0,8.2,91.0
1063.0,909.0,8.2,65.0
1063.0,909.0,8.2,180.0
1063.0,909.0,8.2,46.0
1063.0,909.0,8.2,71.0
1063.0,909.0,8.2,92.0
1063.0,909.0,8.2,201.0
1063.0,909.0,8.2,169.0
1063.0,909.0,8.2,158.0
1063.0,909.0,8.2,147.0
1063.0,909.0,8.2,119.0
1063.0,909.0,8.2,114.0
1063.0,909.0,8.2,92.0
1063.0,909.0,8.2,82.0
1063.0,909.0,8.2,85.0
1063.0,909.0,8.2,96.0
1063.0,909.0,8.2,104.0
1063.0,909.0,8.2,101.0
1063.0,909.0,8.2,128.0
1063.0,909.0,8.2,147.0
1063.0,909.0,8.2,115.0
1063.0,909.0,8.2,97.0
1063.0,909.0,8.2,74.0
1063.0,909.0,8.2,50.0
1063.0,909.0,8.2,41.0
1063.0,909.0,8.2,36.0
835.0,699.0,3.8,180.0
792.0,621.0,2.5,40.0
749.0,559.0,1.7,25.0
803.0,676.0,3.4,38.0
818.0,726.0,4.3,38.0
932.0,861.0,7.1,75.0
977.0,913.0,8.3,104.0
1011.0,945.0,9.1,134.0
975.0,887.0,7.7,85.0
958.0,867.0,7.2,30.0
903.0,805.0,5.8,49.0
854.0,684.0,3.5,180.0
890.0,749.0,4.7,180.0
962.0,845.0,6.7,180.0
1028.0,934.0,8.9,180.0
1031.0,901.0,8.0,180.0
1087.0,938.0,9.0,180.0
1029.0,862.0,7.1,180.0
1070.0,932.0,8.8,180.0
1059.0,914.0,8.4,180.0
1125.0,952.0,9.3,180.0
1062.0,829.0,6.4,180.0
1049.0,853.0,6.9,180.0
999.0,871.0,7.3,180.0
947.0,808.0,5.9,180.0
904.0,753.0,4.8,180.0
894.0,681.0,3.5,180.0
875.0,654.0,3.0,180.0
870.0,637.0,2.8,180.0
952.0,756.0,4.8,180.0
949.0,705.0,3.9,180.0
1028.0,854.0,6.9,180.0
1003.0,849.0,6.8,180.0
934.0,763.0,5.0,180.0
872.0,710.0,4.0,180.0
852.0,684.0,3.5,180.0
881.0,715.0,4.1,180.0
942.0,783.0,5.4,180.0
1038.0,925.0,8.6,180.0
1042.0,932.0,8.8,180.0
1181.0,1107.0,13.7,180.0
1116.0,1044.0,11.8,180.0
1062.0,923.0,8.6,180.0
1085.0,948.0,9.2,180.0
1161.0,1057.0,12.2,180.0
1053.0,891.0,7.8,180.0
956.0,740.0,4.5,180.0
859.0,646.0,2.9,180.0
813.0,566.0,1.8,180.0
815.0,565.0,1.7,180.0
902.0,706.0,3.9,180.0
1017.0,885.0,7.6,180.0
1336.0,1385.0,23.3,180.0
1393.0,1567.0,30.7,180.0
1271.0,1308.0,20.4,180.0
1169.0,1107.0,13.7,180.0
1143.0,1043.0,11.8,180.0
1084.0,980.0,10.1,180.0
1051.0,950.0,9.3,180.0
1020.0,882.0,7.6,180.0
1111.0,1088.0,13.1,180.0
1125.0,1056.0,12.2,180.0
1099.0,1048.0,11.9,180.0
1132.0,1121.0,14.1,180.0
1077.0,1025.0,11.3,180.0
1076.0,988.0,10.3,180.0
1070.0,1008.0,10.8,180.0
1052.0,956.0,9.4,180.0
988.0,862.0,7.1,180.0
926.0,769.0,5.1,180.0
925.0,749.0,4.7,180.0
869.0,648.0,2.9,180.0
832.0,593.0,2.1,180.0
854.0,645.0,2.9,180.0
913.0,726.0,4.3,180.0
976.0,840.0,6.6,180.0
1309.0,1323.0,21.0,180.0
1333.0,1460.0,26.2,180.0
1209.0,1182.0,16.1,180.0
1180.0,1157.0,15.3,180.0
1204.0,1196.0,16.5,180.0
1143.0,1119.0,14.1,180.0
1120.0,1058.0,12.2,180.0
1030.0,935.0,8.9,180.0
1058.0,1016.0,11.0,209.0
1040.0,882.0,7.6,132.0
1093.0,981.0,10.1,166.0
1184.0,1119.0,14.1,243.0
1180.0,1121.0,14.1,247.0
1079.0,988.0,10.3,165.0
1095.0,1032.0,11.5,187.0
1073.0,1009.0,10.9,206.0
1063.0,991.0,10.4,200.0
1046.0,960.0,9.5,189.0
953.0,858.0,7.0,136.0
864.0,673.0,3.3,83.0
829.0,628.0,2.6,180.0
838.0,639.0,2.8,72.0
913.0,728.0,4.3,121.0
1039.0,921.0,8.5,268.0
1252.0,1320.0,20.9,451.0
1410.0,1669.0,35.2,458.0
1217.0,1261.0,18.7,487.0
1114.0,1077.0,12.8,319.0
1026.0,1020.0,11.2,269.0
1051.0,1094.0,13.3,224.0
1027.0,1024.0,11.3,162.0
996.0,992.0,10.4,189.0
1028.0,1060.0,12.3,213.0
1030.0,1060.0,12.3,245.0
1133.0,1280.0,19.4,341.0
1180.0,1339.0,21.5,382.0
1261.0,1446.0,25.7,358.0
1093.0,1133.0,14.5,288.0
1068.0,1029.0,11.4,252.0
1031.0,958.0,9.5,201.0
1055.0,1037.0,11.6,225.0
1060.0,1029.0,11.4,242.0
962.0,880.0,7.5,167.0
874.0,776.0,5.3,99.0
832.0,661.0,3.1,180.0
834.0,709.0,4.0,87.0
865.0,745.0,4.6,164.0
903.0,803.0,5.8,87.0
1236.0,1297.0,20.0,93.0
1464.0,1552.0,30.0,417.0
1258.0,1261.0,18.7,406.0
1203.0,1174.0,15.8,180.0
1156.0,1127.0,14.3,180.0
1106.0,1130.0,14.4,180.0
1008.0,1037.0,11.6,180.0
1011.0,1017.0,11.1,180.0
1049.0,1100.0,13.5,180.0
1053.0,1108.0,13.7,180.0
1088.0,1159.0,15.3,180.0
1248.0,1454.0,26.0,180.0
1374.0,1517.0,28.6,180.0
1213.0,1210.0,17.0,180.0
1108.0,1051.0,12.0,180.0
1071.0,982.0,10.1,180.0
1044.0,967.0,9.7,180.0
1045.0,964.0,9.6,180.0
1004.0,921.0,8.5,180.0
944.0,796.0,5.7,180.0
868.0,657.0,3.1,180.0
850.0,632.0,2.7,180.0
873.0,668.0,3.3,180.0
905.0,766.0,5.1,180.0
1249.0,1239.0,18.0,180.0
1488.0,1653.0,34.5,180.0
1300.0,1296.0,20.0,180.0
1311.0,1267.0,18.9,180.0
1232.0,1210.0,17.0,180.0
1113.0,1096.0,13.4,180.0
1048.0,1021.0,11.2,180.0
1054.0,1036.0,11.6,180.0
1104.0,1102.0,13.5,180.0
1130.0,1113.0,13.9,180.0
1229.0,1348.0,21.9,180.0
1347.0,1382.0,23.2,180.0
1424.0,1417.0,24.5,180.0
1305.0,1188.0,16.3,180.0
1180.0,1088.0,13.1,180.0
1029.0,904.0,8.1,180.0
1080.0,902.0,8.1,180.0
1197.0,1029.0,11.4,180.0
1006.0,845.0,6.7,180.0
987.0,820.0,6.2,180.0
958.0,735.0,4.5,180.0
962.0,747.0,4.7,180.0
958.0,744.0,4.6,180.0
976.0,780.0,5.3,180.0
1088.0,945.0,9.1,180.0
1159.0,1016.0,11.0,180.0
1156.0,988.0,10.3,180.0
1202.0,1021.0,11.2,180.0
1226.0,1080.0,12.9,180.0
1181.0,1091.0,13.2,180.0
1062.0,969.0,9.8,180.0
1013.0,897.0,7.9,180.0
1029.0,913.0,8.3,180.0
1144.0,1046.0,11.9,180.0
1159.0,1059.0,12.3,180.0
1113.0,978.0,10.0,180.0
1100.0,944.0,9.1,180.0
1037.0,890.0,7.8,180.0
1055.0,988.0,10.3,180.0
980.0,901.0,8.0,180.0
1083.0,1094.0,13.3,180.0
1399.0,1558.0,30.3,180.0
1194.0,1255.0,18.5,180.0
970.0,870.0,7.3,180.0
898.0,721.0,4.2,180.0
929.0,769.0,5.1,180.0
913.0,734.0,4.4,180.0
854.0,600.0,2.2,180.0
881.0,647.0,2.9,180.0
867.0,618.0,2.5,180.0
885.0,638.0,2.8,180.0
899.0,654.0,3.0,180.0
886.0,633.0,2.7,180.0
864.0,651.0,3.0,180.0
822.0,611.0,2.4,180.0
810.0,597.0,2.2,180.0
784.0,576.0,1.9,180.0
823.0,633.0,2.7,180.0
863.0,678.0,3.4,180.0
880.0,728.0,4.3,180.0
951.0,859.0,7.0,180.0
942.0,786.0,5.5,180.0
988.0,859.0,7.0,180.0
1008.0,845.0,6.7,180.0
965.0,769.0,5.1,180.0
957.0,717.0,4.1,180.0
921.0,666.0,3.2,180.0
854.0,562.0,1.7,180.0
826.0,504.0,1.0,180.0
828.0,501.0,1.0,180.0
892.0,580.0,1.9,180.0
954.0,660.0,3.1,180.0
1120.0,890.0,7.8,180.0
1096.0,921.0,8.5,180.0
1058.0,898.0,8.0,180.0
977.0,800.0,5.7,180.0
977.0,840.0,6.6,180.0
943.0,777.0,5.3,180.0
964.0,814.0,6.0,180.0
953.0,781.0,5.4,180.0
967.0,814.0,6.1,180.0
996.0,843.0,6.7,180.0
1091.0,1039.0,11.7,180.0
1114.0,1101.0,13.5,180.0
1133.0,1101.0,13.5,180.0
1031.0,921.0,8.5,180.0
952.0,787.0,5.5,180.0
949.0,804.0,5.8,180.0
932.0,752.0,4.8,180.0
966.0,774.0,5.2,180.0
888.0,653.0,3.0,180.0
847.0,634.0,2.7,180.0
856.0,687.0,3.6,180.0
881.0,735.0,4.4,180.0
882.0,711.0,4.0,180.0
1016.0,888.0,7.7,169.0
1228.0,1113.0,13.9,231.0
1311.0,1350.0,22.0,232.0
1081.0,983.0,10.2,145.0
1104.0,993.0,10.4,170.0
991.0,898.0,8.0,214.0
1008.0,980.0,10.1,180.0
986.0,1005.0,10.7,180.0
948.0,893.0,7.9,180.0
919.0,862.0,7.1,180.0
958.0,940.0,9.0,180.0
1037.0,1021.0,11.2,180.0
1120.0,1181.0,16.0,180.0
1205.0,1294.0,19.9,180.0
1172.0,1159.0,15.3,180.0
1088.0,1019.0,11.1,180.0
1055.0,979.0,10.0,180.0
1063.0,909.0,8.2,180.0
1063.0,909.0,8.2,180.0
1063.0,909.0,8.2,180.0
1063.0,909.0,8.2,180.0
1063.0,909.0,8.2,180.0
1063.0,909.0,8.2,180.0
1063.0,909.0,8.2,180.0
1063.0,909.0,8.2,180.0
1063.0,909.0,8.2,180.0
1063.0,909.0,8.2,180.0
1297.0,1654.0,34.5,180.0
1063.0,909.0,8.2,180.0
1063.0,909.0,8.2,180.0
1063.0,909.0,8.2,180.0
1063.0,909.0,8.2,180.0
1063.0,909.0,8.2,180.0
1063.0,909.0,8.2,180.0
1063.0,909.0,8.2,180.0
1063.0,909.0,8.2,180.0
1325.0,1266.0,18.9,477.0
1383.0,1406.0,24.1,502.0
1254.0,1241.0,18.1,420.0
1221.0,1174.0,15.8,344.0
1226.0,1138.0,14.6,307.0
1100.0,999.0,10.6,251.0
999.0,879.0,7.5,180.0
980.0,873.0,7.4,141.0
859.0,698.0,3.8,105.0
814.0,606.0,2.3,180.0
806.0,605.0,2.3,74.0
813.0,631.0,2.7,91.0
889.0,760.0,4.9,143.0
1200.0,1246.0,18.2,553.0
1289.0,1335.0,21.4,542.0
1355.0,1333.0,21.3,590.0
1277.0,1292.0,19.9,590.0
1156.0,1142.0,14.8,387.0
1054.0,1071.0,12.6,252.0
1096.0,1083.0,13.0,310.0
1160.0,1185.0,16.2,396.0
1148.0,1149.0,15.0,329.0
1166.0,1186.0,16.2,393.0
1315.0,1370.0,22.7,522.0
1425.0,1605.0,32.3,631.0
1329.0,1360.0,22.3,435.0
1299.0,1197.0,16.6,407.0
1123.0,1015.0,11.0,255.0
1089.0,1024.0,11.3,180.0
1081.0,950.0,9.3,186.0
1031.0,871.0,7.3,147.0
969.0,787.0,5.5,101.0
881.0,680.0,3.5,69.0
869.0,638.0,2.8,180.0
866.0,644.0,2.9,49.0
895.0,689.0,3.6,91.0
933.0,786.0,5.5,144.0
1209.0,1163.0,15.5,430.0
1417.0,1511.0,28.3,606.0
1227.0,1233.0,17.8,519.0
1093.0,1076.0,12.8,353.0
1135.0,1170.0,15.7,429.0
1112.0,1161.0,15.4,345.0
1147.0,1168.0,15.6,417.0
1086.0,1070.0,12.6,276.0
1077.0,1056.0,12.2,280.0
1110.0,1098.0,13.4,365.0
1146.0,1125.0,14.3,363.0
1211.0,1194.0,16.5,393.0
1218.0,1221.0,17.4,385.0
1136.0,1082.0,12.9,307.0
1017.0,908.0,8.2,194.0
1063.0,946.0,9.2,205.0
1083.0,951.0,9.3,223.0
1077.0,994.0,10.4,176.0
968.0,823.0,6.2,180.0
898.0,720.0,4.2,180.0
859.0,656.0,3.1,180.0
849.0,607.0,2.3,180.0
886.0,658.0,3.1,180.0
932.0,708.0,4.0,180.0
1144.0,1006.0,10.8,180.0
1222.0,1083.0,13.0,180.0
1202.0,989.0,10.3,180.0
1323.0,1190.0,16.3,180.0
1219.0,1074.0,12.7,180.0
1121.0,965.0,9.7,180.0
1096.0,942.0,9.1,180.0
1019.0,858.0,7.0,180.0
1045.0,857.0,7.0,180.0
1147.0,959.0,9.5,180.0
1145.0,971.0,9.8,180.0
1202.0,1040.0,11.7,180.0
1283.0,1112.0,13.9,180.0
1148.0,929.0,8.7,180.0
1229.0,1012.0,10.9,180.0
1287.0,1060.0,12.3,180.0
1285.0,1062.0,12.4,180.0
1251.0,1055.0,12.1,180.0
1120.0,900.0,8.0,180.0
1108.0,917.0,8.4,180.0
961.0,759.0,4.9,180.0
950.0,719.0,4.2,180.0
901.0,608.0,2.3,180.0
903.0,619.0,2.5,180.0
1024.0,757.0,4.9,180.0
1093.0,837.0,6.6,180.0
1097.0,833.0,6.5,180.0
1126.0,830.0,6.4,180.0
1139.0,794.0,5.6,180.0
1178.0,832.0,6.4,180.0
1243.0,883.0,7.6,180.0
1017.0,680.0,3.5,180.0
1048.0,672.0,3.3,180.0
1254.0,840.0,6.6,180.0
1287.0,911.0,8.3,180.0
1215.0,900.0,8.0,180.0
1363.0,1071.0,12.6,180.0
1436.0,1224.0,17.5,180.0
1365.0,1143.0,14.8,180.0
1506.0,1385.0,23.3,180.0
1227.0,1055.0,12.2,180.0
1038.0,866.0,7.2,180.0
934.0,744.0,4.6,180.0
900.0,699.0,3.8,180.0
870.0,692.0,3.7,180.0
875.0,713.0,4.0,180.0
940.0,789.0,5.5,180.0
1053.0,913.0,8.3,180.0
1509.0,1508.0,28.2,180.0
1559.0,1599.0,32.1,180.0
1313.0,1231.0,17.7,180.0
1372.0,1251.0,18.4,475.0
1320.0,1190.0,16.3,395.0
1346.0,1246.0,18.2,353.0
1307.0,1236.0,17.9,397.0
1157.0,1069.0,12.6,274.0
1154.0,1026.0,11.3,505.0
1172.0,1145.0,14.9,275.0
1241.0,1254.0,18.5,360.0
1379.0,1433.0,25.2,180.0
1570.0,1684.0,35.9,597.0
1418.0,1471.0,26.7,728.0
1317.0,1295.0,19.9,891.0
1204.0,1136.0,14.6,346.0
1014.0,853.0,6.9,98.0
956.0,794.0,5.6,144.0
891.0,708.0,3.9,110.0
856.0,665.0,3.2,180.0
863.0,703.0,3.9,180.0
911.0,745.0,4.6,180.0
936.0,765.0,5.0,180.0
1087.0,964.0,9.6,180.0
1540.0,1498.0,27.8,180.0
1513.0,1601.0,32.1,180.0
1409.0,1322.0,20.9,180.0
1219.0,1042.0,11.8,180.0
1286.0,1172.0,15.8,180.0
1228.0,1174.0,15.8,180.0
1140.0,1117.0,14.0,180.0
1052.0,906.0,8.2,180.0
1282.0,1107.0,13.7,180.0
1378.0,1282.0,19.5,180.0
1506.0,1471.0,26.7,180.0
1310.0,1259.0,18.7,180.0
1204.0,1114.0,13.9,180.0
1071.0,842.0,6.7,180.0
967.0,719.0,4.2,180.0
947.0,689.0,3.6,180.0
1011.0,734.0,4.4,180.0
971.0,722.0,4.2,180.0
886.0,627.0,2.6,180.0
908.0,657.0,3.1,180.0
901.0,652.0,3.0,180.0
915.0,674.0,3.4,180.0
940.0,712.0,4.0,180.0
1048.0,891.0,7.8,180.0
1298.0,1181.0,16.1,180.0
1487.0,1493.0,27.6,180.0
1327.0,1233.0,17.8,180.0
1363.0,1255.0,18.5,180.0
1393.0,1340.0,21.6,180.0
1361.0,1324.0,21.0,180.0
1289.0,1217.0,17.2,180.0
1265.0,1184.0,16.1,180.0
1339.0,1257.0,18.6,180.0
1269.0,1215.0,17.2,180.0
1299.0,1220.0,17.3,341.0
1546.0,1519.0,28.6,622.0
1571.0,1593.0,31.8,615.0
1312.0,1299.0,20.1,443.0
1074.0,946.0,9.2,219.0
1127.0,989.0,10.3,203.0
1040.0,923.0,8.6,165.0
1060.0,925.0,8.6,339.0
911.0,753.0,4.8,103.0
853.0,623.0,2.6,74.0
915.0,725.0,4.3,180.0
897.0,738.0,4.5,72.0
976.0,840.0,6.6,180.0
1066.0,982.0,10.1,239.0
1435.0,1387.0,23.4,664.0
1420.0,1430.0,25.0,525.0
1365.0,1341.0,21.6,543.0
1171.0,1083.0,13.0,390.0
982.0,850.0,6.8,217.0
1021.0,979.0,10.0,248.0
1044.0,1039.0,11.7,333.0
1005.0,972.0,9.8,279.0
1021.0,985.0,10.2,339.0
1064.0,1048.0,12.0,315.0
1167.0,1231.0,17.7,365.0
1167.0,1263.0,18.8,338.0
1164.0,1227.0,17.6,318.0
1092.0,1110.0,13.8,302.0
997.0,955.0,9.4,214.0
966.0,964.0,9.6,180.0
969.0,922.0,8.5,180.0
944.0,1005.0,10.7,363.0
834.0,817.0,6.1,178.0
796.0,667.0,3.2,55.0
777.0,585.0,2.0,180.0
752.0,521.0,1.2,32.0
755.0,528.0,1.3,35.0
800.0,598.0,2.2,84.0
1147.0,1136.0,14.6,456.0
1036.0,965.0,9.7,342.0
926.0,845.0,6.7,239.0
961.0,881.0,7.6,337.0
951.0,926.0,8.6,351.0
962.0,940.0,9.0,209.0
1004.0,1004.0,10.7,257.0
893.0,828.0,6.3,169.0
990.0,956.0,9.4,216.0
1071.0,1068.0,12.5,303.0
1140.0,1155.0,15.2,320.0
1103.0,1143.0,14.8,310.0
1082.0,1178.0,15.9,341.0
991.0,977.0,10.0,272.0
935.0,852.0,6.9,229.0
908.0,790.0,5.5,168.0
927.0,826.0,6.3,173.0
936.0,844.0,6.7,186.0
847.0,694.0,3.7,112.0
812.0,664.0,3.2,79.0
804.0,616.0,2.4,180.0
793.0,636.0,2.7,62.0
775.0,609.0,2.3,58.0
835.0,690.0,3.6,122.0
913.0,830.0,6.4,173.0
903.0,765.0,5.0,176.0
982.0,895.0,7.9,233.0
925.0,838.0,6.6,210.0
895.0,776.0,5.2,178.0
930.0,838.0,6.6,189.0
953.0,881.0,7.6,210.0
885.0,765.0,5.0,162.0
903.0,779.0,5.3,137.0
927.0,781.0,5.3,165.0
979.0,835.0,6.5,204.0
1050.0,947.0,9.2,266.0
1091.0,1037.0,11.6,299.0
1040.0,946.0,9.2,234.0
997.0,879.0,7.5,181.0
1042.0,938.0,9.0,210.0
1191.0,1055.0,12.1,304.0
1149.0,996.0,10.5,255.0
973.0,862.0,7.1,149.0
940.0,823.0,6.2,112.0
949.0,890.0,7.8,180.0
830.0,699.0,3.8,90.0
773.0,609.0,2.3,46.0
811.0,644.0,2.9,76.0
901.0,754.0,4.8,139.0
969.0,886.0,7.7,179.0
1027.0,933.0,8.8,224.0
1094.0,1002.0,10.6,272.0
1083.0,984.0,10.2,251.0
1098.0,1015.0,11.0,250.0
1059.0,1047.0,11.9,178.0
1021.0,1009.0,10.8,137.0
925.0,768.0,5.1,119.0
1045.0,910.0,8.3,193.0
1303.0,1317.0,20.7,329.0
1254.0,1204.0,16.8,413.0
1345.0,1306.0,20.4,489.0
1273.0,1159.0,15.3,470.0
1096.0,931.0,8.8,228.0
1077.0,920.0,8.5,169.0
1084.0,929.0,8.7,189.0
980.0,800.0,5.7,100.0
882.0,713.0,4.0,71.0
851.0,655.0,3.0,52.0
819.0,597.0,2.2,180.0
804.0,601.0,2.2,57.0
823.0,631.0,2.7,69.0
903.0,748.0,4.7,126.0
1310.0,1344.0,21.7,376.0
1436.0,1601.0,32.2,180.0
1479.0,1490.0,27.5,737.0
1285.0,1243.0,18.1,481.0
1262.0,1258.0,18.6,425.0
1225.0,1227.0,17.6,330.0
1162.0,1188.0,16.3,303.0
1103.0,1044.0,11.8,283.0
1120.0,1045.0,11.9,264.0
1169.0,1163.0,15.5,280.0
1386.0,1522.0,28.8,505.0
1426.0,1577.0,31.1,566.0
1476.0,1663.0,34.9,681.0
1167.0,1282.0,19.5,448.0
1032.0,1039.0,11.7,231.0
1034.0,972.0,9.9,230.0
986.0,885.0,7.7,146.0
908.0,732.0,4.4,77.0
891.0,714.0,4.1,82.0
843.0,656.0,3.1,55.0
822.0,612.0,2.4,180.0
814.0,589.0,2.1,42.0
869.0,673.0,3.3,102.0
1013.0,905.0,8.1,231.0
1515.0,1584.0,31.4,699.0
1587.0,1795.0,41.2,738.0
1490.0,1487.0,27.3,665.0
1435.0,1408.0,24.2,598.0
1246.0,1209.0,17.0,340.0
1266.0,1231.0,17.7,374.0
1277.0,1277.0,19.3,401.0
1142.0,1073.0,12.7,275.0
1207.0,1136.0,14.6,278.0
1252.0,1233.0,17.8,342.0
1399.0,1468.0,26.6,479.0
1464.0,1559.0,30.3,553.0
1422.0,1520.0,28.7,531.0
1308.0,1297.0,20.0,428.0
1137.0,1047.0,11.9,229.0
1040.0,903.0,8.1,145.0
1018.0,885.0,7.7,112.0
962.0,808.0,5.9,99.0
930.0,768.0,5.1,98.0
812.0,613.0,2.4,54.0
826.0,612.0,2.4,180.0
878.0,702.0,3.8,59.0
922.0,764.0,5.0,162.0
1047.0,965.0,9.7,268.0
1376.0,1452.0,25.9,531.0
1514.0,1648.0,34.3,517.0
1494.0,1528.0,29.0,701.0
1316.0,1298.0,20.0,510.0
1269.0,1247.0,18.3,415.0
1152.0,1099.0,13.4,243.0
1138.0,1117.0,14.0,267.0
1132.0,1052.0,12.1,233.0
1186.0,1159.0,15.3,295.0
1228.0,1184.0,16.1,309.0
1424.0,1486.0,27.3,506.0
1427.0,1458.0,26.2,479.0
1387.0,1473.0,26.7,460.0
1284.0,1249.0,18.3,363.0
1110.0,1045.0,11.9,213.0
1110.0,1032.0,11.5,183.0
1077.0,964.0,9.6,163.0
1037.0,898.0,8.0,152.0
1002.0,854.0,6.9,104.0
865.0,694.0,3.7,61.0
824.0,615.0,2.4,180.0
824.0,602.0,2.2,54.0
847.0,620.0,2.5,84.0
961.0,828.0,6.3,132.0
1336.0,1340.0,21.6,422.0
1251.0,1264.0,18.8,282.0
1290.0,1244.0,18.1,293.0
1215.0,1141.0,14.8,334.0
1248.0,1177.0,15.9,324.0
1233.0,1184.0,16.1,294.0
1229.0,1217.0,17.2,273.0
1206.0,1175.0,15.8,275.0
1215.0,1150.0,15.1,282.0
1330.0,1264.0,18.9,323.0
1446.0,1434.0,25.2,442.0
1446.0,1458.0,26.1,431.0
1421.0,1444.0,25.6,402.0
1247.0,1206.0,16.9,313.0
1168.0,1070.0,12.6,228.0
1111.0,991.0,10.3,218.0
1071.0,934.0,8.9,179.0
969.0,835.0,6.5,97.0
942.0,780.0,5.3,83.0
923.0,744.0,4.6,80.0
813.0,581.0,2.0,180.0
851.0,618.0,2.5,66.0
868.0,639.0,2.8,109.0
1062.0,915.0,8.4,232.0
1418.0,1328.0,21.1,535.0
1600.0,1641.0,34.0,684.0
1583.0,1538.0,29.4,803.0
1338.0,1305.0,20.3,539.0
1285.0,1252.0,18.4,364.0
1376.0,1359.0,22.3,422.0
1467.0,1477.0,26.9,483.0
1442.0,1403.0,24.0,496.0
1358.0,1277.0,19.3,403.0
1222.0,1133.0,14.5,282.0
1134.0,1017.0,11.1,268.0
1120.0,993.0,10.4,306.0
1103.0,997.0,10.5,293.0
985.0,805.0,5.8,240.0
795.0,596.0,2.2,93.0
787.0,584.0,2.0,99.0
839.0,701.0,3.8,55.0
835.0,705.0,3.9,19.0
837.0,693.0,3.7,26.0
761.0,563.0,1.7,26.0
718.0,499.0,1.0,180.0
724.0,495.0,1.0,42.0
718.0,486.0,0.9,32.0
744.0,525.0,1.3,25.0
782.0,591.0,2.1,28.0
798.0,619.0,2.5,41.0
867.0,744.0,4.6,130.0
862.0,729.0,4.3,173.0
915.0,834.0,6.5,168.0
857.0,813.0,6.0,51.0
837.0,812.0,6.0,31.0
805.0,740.0,4.5,41.0
781.0,705.0,3.9,41.0
815.0,743.0,4.6,54.0
877.0,844.0,6.7,112.0
926.0,935.0,8.9,178.0
987.0,971.0,9.8,218.0
1004.0,1007.0,10.8,241.0
897.0,875.0,7.4,223.0
1002.0,989.0,10.3,279.0
1126.0,1111.0,13.8,330.0
1067.0,1013.0,10.9,330.0
1063.0,1040.0,11.7,341.0
915.0,893.0,7.8,205.0
906.0,885.0,7.7,180.0
844.0,786.0,5.5,130.0
816.0,739.0,4.5,102.0
768.0,671.0,3.3,79.0
835.0,785.0,5.4,148.0
944.0,908.0,8.2,261.0
810.0,651.0,3.0,107.0
819.0,655.0,3.0,103.0
844.0,680.0,3.5,122.0
846.0,688.0,3.6,127.0
842.0,711.0,4.0,110.0
840.0,722.0,4.2,98.0
815.0,657.0,3.1,146.0
838.0,685.0,3.5,119.0
992.0,987.0,10.3,234.0
990.0,891.0,7.8,261.0
1066.0,1004.0,10.7,371.0
971.0,870.0,7.3,266.0
963.0,887.0,7.7,268.0
1010.0,925.0,8.6,294.0
1054.0,978.0,10.0,303.0
998.0,920.0,8.5,241.0
919.0,802.0,5.8,142.0
884.0,764.0,5.0,110.0
803.0,648.0,2.9,180.0
820.0,674.0,3.4,104.0
894.0,794.0,5.6,179.0
988.0,941.0,9.0,361.0
1372.0,1477.0,26.9,799.0
1209.0,1262.0,18.8,614.0
951.0,908.0,8.2,275.0
992.0,943.0,9.1,325.0
964.0,947.0,9.2,327.0
917.0,910.0,8.3,252.0
937.0,942.0,9.1,226.0
961.0,949.0,9.2,230.0
969.0,962.0,9.6,244.0
1020.0,1042.0,11.8,251.0
1107.0,1219.0,17.3,346.0
1119.0,1233.0,17.8,407.0
1173.0,1322.0,20.9,490.0
1097.0,1144.0,14.9,434.0
1018.0,1024.0,11.3,345.0
932.0,914.0,8.4,192.0
897.0,849.0,6.8,157.0
840.0,758.0,4.9,148.0
802.0,680.0,3.5,105.0
765.0,637.0,2.8,141.0
741.0,595.0,2.1,180.0
748.0,595.0,2.2,107.0
791.0,704.0,3.9,166.0
875.0,871.0,7.3,241.0
1085.0,1164.0,15.5,368.0
1268.0,1482.0,27.1,498.0
1236.0,1332.0,21.3,641.0
1274.0,1294.0,19.9,667.0
1250.0,1280.0,19.4,550.0
1224.0,1347.0,21.8,483.0
1220.0,1344.0,21.7,524.0
1166.0,1265.0,18.9,481.0
1050.0,1084.0,13.0,305.0
1174.0,1264.0,18.8,396.0
1323.0,1474.0,26.8,501.0
1432.0,1706.0,36.9,702.0
1479.0,1756.0,39.3,755.0
1309.0,1379.0,23.1,524.0
1089.0,1037.0,11.6,247.0
1009.0,911.0,8.3,196.0
930.0,796.0,5.7,135.0
929.0,805.0,5.9,146.0
872.0,718.0,4.1,106.0
790.0,601.0,2.2,70.0
793.0,581.0,2.0,180.0
789.0,596.0,2.2,62.0
769.0,586.0,2.0,60.0
852.0,713.0,4.0,92.0
1100.0,1097.0,13.4,277.0
1326.0,1504.0,28.0,600.0
1433.0,1518.0,28.6,693.0
1310.0,1334.0,21.4,617.0
1304.0,1272.0,19.1,569.0
1286.0,1286.0,19.6,409.0
1217.0,1175.0,15.8,335.0
1104.0,1099.0,13.5,290.0
1143.0,1176.0,15.9,312.0
1205.0,1295.0,19.9,440.0
1276.0,1340.0,21.6,450.0
1440.0,1573.0,31.0,578.0
1467.0,1643.0,34.1,615.0
1339.0,1373.0,22.8,536.0
1108.0,1061.0,12.3,238.0
1116.0,1012.0,10.9,249.0
981.0,860.0,7.1,150.0
947.0,798.0,5.7,108.0
939.0,776.0,5.3,180.0
862.0,644.0,2.9,180.0
827.0,577.0,1.9,180.0
879.0,611.0,2.4,180.0
911.0,710.0,4.0,180.0
1051.0,901.0,8.1,180.0
1496.0,1425.0,24.8,180.0
1610.0,1692.0,36.3,180.0
1428.0,1321.0,20.9,180.0
1459.0,1356.0,22.2,180.0
1486.0,1390.0,23.5,180.0
1158.0,1008.0,10.8,180.0
1200.0,1021.0,11.2,223.0
1290.0,1151.0,15.1,267.0
1366.0,1223.0,17.4,308.0
1505.0,1388.0,23.4,422.0
1728.0,1683.0,35.9,623.0
1673.0,1643.0,34.0,572.0
1636.0,1553.0,30.1,514.0
1468.0,1296.0,20.0,414.0
1180.0,997.0,10.5,143.0
1138.0,938.0,9.0,147.0
1192.0,1004.0,10.7,159.0
1176.0,993.0,10.4,206.0
1137.0,967.0,9.7,140.0
1035.0,851.0,6.9,132.0
943.0,709.0,4.0,180.0
904.0,655.0,3.0,81.0
966.0,726.0,4.3,120.0
1124.0,972.0,9.8,279.0
1348.0,1217.0,17.2,392.0
1499.0,1501.0,27.9,433.0
1427.0,1311.0,20.5,531.0
1473.0,1330.0,21.2,619.0
1440.0,1294.0,19.9,522.0
1474.0,1326.0,21.1,505.0
1485.0,1359.0,22.3,465.0
1063.0,909.0,8.2,383.0
1306.0,1079.0,12.9,278.0
1464.0,1251.0,18.4,372.0
1629.0,1466.0,26.5,540.0
1629.0,1536.0,29.4,180.0
1707.0,1637.0,33.7,180.0
1424.0,1293.0,19.9,180.0
1297.0,1100.0,13.5,180.0
1214.0,1022.0,11.2,180.0
1160.0,944.0,9.1,180.0
1232.0,1012.0,10.9,180.0
1134.0,914.0,8.4,180.0
1071.0,860.0,7.1,180.0
968.0,730.0,4.3,180.0
994.0,711.0,4.0,180.0
1046.0,804.0,5.8,180.0
1066.0,827.0,6.3,180.0
1277.0,1061.0,12.3,180.0
1290.0,1093.0,13.3,180.0
1268.0,1066.0,12.5,180.0
1243.0,997.0,10.5,180.0
1300.0,1053.0,12.1,180.0
1278.0,1053.0,12.1,180.0
1249.0,1023.0,11.2,180.0
1145.0,867.0,7.2,180.0
1199.0,928.0,8.7,180.0
1236.0,962.0,9.6,180.0
1289.0,1037.0,11.6,180.0
1299.0,1072.0,12.7,180.0
1506.0,1315.0,20.7,180.0
1432.0,1234.0,17.8,180.0
1193.0,1021.0,11.2,180.0
1188.0,1007.0,10.8,180.0
1162.0,953.0,9.4,180.0
1106.0,921.0,8.5,180.0
1037.0,836.0,6.5,180.0
982.0,768.0,5.1,180.0
944.0,740.0,4.5,180.0
929.0,703.0,3.9,180.0
906.0,672.0,3.3,180.0
907.0,665.0,3.2,180.0
1013.0,781.0,5.4,180.0
1055.0,795.0,5.6,180.0
1138.0,880.0,7.5,180.0
1250.0,1003.0,10.7,180.0
1165.0,916.0,8.4,180.0
1229.0,1025.0,11.3,180.0
1168.0,911.0,8.3,180.0
1092.0,814.0,6.0,180.0
1109.0,843.0,6.7,180.0
1133.0,823.0,6.2,180.0
1192.0,887.0,7.7,180.0
1298.0,1015.0,11.0,180.0
1524.0,1320.0,20.8,180.0
1540.0,1336.0,21.4,180.0
1190.0,992.0,10.4,180.0
1092.0,911.0,8.3,180.0
1079.0,890.0,7.8,180.0
995.0,789.0,5.5,180.0
960.0,772.0,5.2,180.0
890.0,666.0,3.2,180.0
860.0,632.0,2.7,180.0
860.0,652.0,3.0,180.0
883.0,713.0,4.0,180.0
929.0,795.0,5.6,180.0
1100.0,1018.0,11.1,180.0
1257.0,1299.0,20.1,180.0
1402.0,1393.0,23.6,180.0
1376.0,1324.0,21.0,180.0
1374.0,1346.0,21.8,180.0
1381.0,1355.0,22.1,180.0
1282.0,1247.0,18.2,180.0
1188.0,1124.0,14.2,180.0
1227.0,1147.0,14.9,180.0
1364.0,1328.0,21.1,180.0
1531.0,1558.0,30.3,180.0
1694.0,1805.0,41.6,180.0
1723.0,1866.0,44.7,180.0
1356.0,1331.0,21.3,180.0
1084.0,979.0,10.0,180.0
1039.0,936.0,8.9,180.0
1011.0,875.0,7.4,180.0
968.0,831.0,6.4,180.0
867.0,693.0,3.7,180.0
820.0,620.0,2.5,180.0
826.0,631.0,2.7,180.0
835.0,620.0,2.5,180.0
887.0,717.0,4.1,180.0
990.0,889.0,7.8,180.0
1511.0,1569.0,30.8,180.0
1352.0,1465.0,26.4,180.0
1337.0,1339.0,21.6,180.0
1435.0,1373.0,22.8,180.0
1377.0,1276.0,19.3,180.0
1562.0,1559.0,30.4,180.0
1358.0,1389.0,23.4,180.0
1301.0,1212.0,17.1,180.0
1255.0,1136.0,14.6,180.0
1410.0,1340.0,21.6,180.0
1578.0,1595.0,31.9,180.0
1700.0,1782.0,40.5,180.0
1778.0,1805.0,41.6,180.0
1539.0,1402.0,23.9,180.0
1409.0,1304.0,20.3,180.0
1231.0,1077.0,12.8,180.0
1092.0,928.0,8.7,180.0
1036.0,850.0,6.8,180.0
984.0,780.0,5.3,180.0
950.0,743.0,4.6,180.0
889.0,665.0,3.2,180.0
865.0,636.0,2.8,180.0
917.0,686.0,3.6,180.0
997.0,823.0,6.2,180.0
1433.0,1409.0,24.2,180.0
1516.0,1596.0,32.0,180.0
1528.0,1449.0,25.8,180.0
1347.0,1186.0,16.2,180.0
1392.0,1231.0,17.7,180.0
1359.0,1195.0,16.5,180.0
1391.0,1249.0,18.3,180.0
1335.0,1137.0,14.6,180.0
1402.0,1213.0,17.1,180.0
1406.0,1216.0,17.2,180.0
1527.0,1419.0,24.6,180.0
1559.0,1476.0,26.9,180.0
1840.0,1852.0,44.0,180.0
1666.0,1573.0,31.0,180.0
1336.0,1204.0,16.8,180.0
1189.0,1014.0,11.0,180.0
1226.0,1029.0,11.4,180.0
1171.0,972.0,9.9,180.0
1002.0,762.0,5.0,180.0
950.0,696.0,3.7,180.0
930.0,660.0,3.1,180.0
924.0,643.0,2.9,180.0
994.0,732.0,4.4,180.0
1089.0,873.0,7.4,180.0
1468.0,1280.0,19.4,180.0
1696.0,1711.0,37.1,180.0
1479.0,1357.0,22.2,180.0
1425.0,1255.0,18.5,180.0
1279.0,1116.0,14.0,180.0
1319.0,1165.0,15.5,180.0
1329.0,1172.0,15.7,180.0
1327.0,1172.0,15.7,180.0
1282.0,1075.0,12.7,180.0
1342.0,1157.0,15.3,267.0
1623.0,1522.0,28.8,398.0
1576.0,1458.0,26.1,418.0
1747.0,1709.0,37.1,515.0
1757.0,1680.0,35.7,669.0
1331.0,1194.0,16.5,326.0
1182.0,1016.0,11.0,209.0
1162.0,1008.0,10.8,183.0
1147.0,964.0,9.6,165.0
1040.0,836.0,6.5,111.0
920.0,688.0,3.6,67.0
931.0,670.0,3.3,180.0
954.0,731.0,4.4,88.0
981.0,790.0,5.5,147.0
1147.0,1009.0,10.8,279.0
1606.0,1578.0,31.2,665.0
1490.0,1424.0,24.8,592.0
1473.0,1409.0,24.2,557.0
1582.0,1539.0,29.5,693.0
1468.0,1323.0,21.0,530.0
1413.0,1285.0,19.6,412.0
1400.0,1331.0,21.2,366.0
1361.0,1238.0,18.0,344.0
1389.0,1311.0,20.5,339.0
1305.0,1167.0,15.6,297.0
1354.0,1275.0,19.2,294.0
1352.0,1296.0,20.0,211.0
1472.0,1327.0,21.1,323.0
1412.0,1256.0,18.6,333.0
1221.0,1061.0,12.3,163.0
1230.0,990.0,10.3,151.0
1247.0,961.0,9.6,167.0
1217.0,975.0,9.9,174.0
1158.0,923.0,8.6,142.0
1150.0,871.0,7.3,155.0
1061.0,785.0,5.4,180.0
1062.0,770.0,5.1,96.0
1157.0,890.0,7.8,154.0
1167.0,907.0,8.2,211.0
1403.0,1229.0,17.6,381.0
1453.0,1298.0,20.1,470.0
1455.0,1260.0,18.7,464.0
1512.0,1282.0,19.5,450.0
1331.0,1082.0,13.0,274.0
1472.0,1246.0,18.2,306.0
1430.0,1187.0,16.2,308.0
1264.0,1016.0,11.0,186.0
1378.0,1177.0,15.9,238.0
1377.0,1123.0,14.2,249.0
1527.0,1293.0,19.9,378.0
1573.0,1343.0,21.7,386.0
1674.0,1447.0,25.7,461.0
1455.0,1218.0,17.3,394.0
1242.0,1022.0,11.2,266.0
1181.0,935.0,8.9,158.0
1468.0,1155.0,15.2,319.0
1520.0,1217.0,17.2,409.0
1203.0,1046.0,11.9,223.0
1096.0,903.0,8.1,107.0
991.0,759.0,4.9,180.0
941.0,686.0,3.6,50.0
952.0,695.0,3.7,56.0
1082.0,825.0,6.3,163.0
1095.0,886.0,7.7,187.0
1049.0,826.0,6.3,150.0
1055.0,795.0,5.6,103.0
1074.0,767.0,5.1,143.0
1229.0,941.0,9.0,220.0
1228.0,952.0,9.3,301.0
1107.0,807.0,5.9,214.0
1031.0,732.0,4.4,162.0
1155.0,804.0,5.8,232.0
1131.0,841.0,6.6,254.0
1143.0,890.0,7.8,224.0
1145.0,915.0,8.4,247.0
1169.0,910.0,8.3,334.0
1105.0,905.0,8.1,239.0
1049.0,817.0,6.1,168.0
1069.0,844.0,6.7,185.0
1073.0,838.0,6.6,178.0
1039.0,817.0,6.1,132.0
1021.0,811.0,6.0,135.0
825.0,536.0,1.4,39.0
828.0,558.0,1.7,180.0
847.0,576.0,1.9,33.0
903.0,679.0,3.4,90.0
1041.0,865.0,7.2,164.0
1314.0,1267.0,19.0,336.0
1326.0,1416.0,24.5,366.0
1464.0,1444.0,25.6,565.0
1313.0,1213.0,17.1,536.0
1202.0,1058.0,12.3,416.0
1225.0,1155.0,15.2,379.0
1257.0,1248.0,18.3,368.0
1271.0,1217.0,17.2,444.0
1179.0,1120.0,14.1,352.0
1278.0,1248.0,18.3,375.0
1435.0,1429.0,25.0,479.0
1326.0,1356.0,22.2,448.0
1324.0,1335.0,21.4,388.0
1206.0,1185.0,16.2,376.0
1052.0,987.0,10.3,224.0
1057.0,934.0,8.9,206.0
952.0,833.0,6.5,143.0
911.0,769.0,5.1,113.0
898.0,742.0,4.6,93.0
809.0,593.0,2.1,58.0
823.0,616.0,2.4,180.0
814.0,666.0,3.2,56.0
857.0,705.0,3.9,105.0
935.0,810.0,6.0,243.0
1159.0,1110.0,13.8,492.0
1102.0,1141.0,14.8,435.0
979.0,917.0,8.4,180.0
998.0,941.0,9.0,180.0
962.0,911.0,8.3,180.0
985.0,957.0,9.5,180.0
1043.0,1053.0,12.1,180.0
929.0,875.0,7.4,180.0
946.0,898.0,8.0,180.0
955.0,894.0,7.9,180.0
1004.0,1012.0,10.9,180.0
1037.0,1053.0,12.1,180.0
1066.0,1140.0,14.7,180.0
890.0,813.0,6.0,180.0
843.0,729.0,4.3,180.0
834.0,716.0,4.1,180.0
809.0,659.0,3.1,180.0
786.0,600.0,2.2,180.0
747.0,543.0,1.5,180.0
723.0,485.0,0.9,180.0
704.0,444.0,0.5,180.0
709.0,449.0,0.6,180.0
726.0,466.0,0.7,180.0
798.0,599.0,2.2,180.0
925.0,800.0,5.8,180.0
906.0,809.0,5.9,180.0
896.0,809.0,5.9,286.0
882.0,776.0,5.3,281.0
948.0,853.0,6.9,180.0
945.0,886.0,7.7,180.0
942.0,871.0,7.3,180.0
943.0,864.0,7.2,180.0
894.0,810.0,6.0,180.0
984.0,910.0,8.3,180.0
1044.0,1022.0,11.2,180.0
981.0,983.0,10.1,180.0
1021.0,1001.0,10.6,180.0
943.0,867.0,7.2,180.0
863.0,732.0,4.4,180.0
847.0,698.0,3.8,180.0
859.0,698.0,3.8,180.0
861.0,712.0,4.0,180.0
786.0,602.0,2.2,180.0
740.0,506.0,1.1,180.0
730.0,483.0,0.8,180.0
728.0,475.0,0.8,180.0
755.0,517.0,1.2,180.0
854.0,663.0,3.2,180.0
1079.0,985.0,10.2,180.0
1097.0,1103.0,13.6,180.0
1024.0,976.0,9.9,180.0
990.0,942.0,9.1,180.0
1013.0,901.0,8.0,180.0
1051.0,968.0,9.7,180.0
1052.0,966.0,9.7,180.0
1141.0,1049.0,12.0,180.0
1130.0,1024.0,11.3,180.0
1099.0,993.0,10.4,180.0
1182.0,1064.0,12.4,180.0
1211.0,1135.0,14.6,180.0
1340.0,1324.0,21.0,180.0
1299.0,1237.0,17.9,180.0
1046.0,872.0,7.3,180.0
949.0,754.0,4.8,180.0
966.0,756.0,4.8,180.0
1062.0,887.0,7.7,180.0
934.0,730.0,4.3,180.0
862.0,649.0,3.0,180.0
823.0,590.0,2.1,180.0
839.0,604.0,2.3,180.0
879.0,681.0,3.5,180.0
1095.0,977.0,10.0,180.0
1359.0,1311.0,20.5,180.0
1354.0,1358.0,22.2,180.0
1420.0,1405.0,24.1,180.0
1265.0,1221.0,17.4,180.0
1146.0,1122.0,14.2,180.0
1150.0,1149.0,15.0,180.0
1282.0,1247.0,18.3,180.0
1067.0,1085.0,13.0,180.0
1185.0,1243.0,18.1,180.0
1312.0,1381.0,23.1,180.0
1319.0,1426.0,24.9,180.0
1255.0,1342.0,21.7,180.0
1123.0,1119.0,14.1,180.0
1126.0,1045.0,11.9,180.0
924.0,766.0,5.1,180.0
982.0,849.0,6.8,180.0
936.0,756.0,4.8,180.0
1069.0,865.0,7.2,180.0
967.0,785.0,5.4,180.0
869.0,649.0,3.0,180.0
916.0,692.0,3.7,180.0
886.0,686.0,3.6,180.0
926.0,747.0,4.7,180.0
971.0,851.0,6.9,180.0
1029.0,886.0,7.7,180.0
1124.0,1057.0,12.2,180.0
1063.0,964.0,9.6,180.0
1028.0,961.0,9.6,180.0
944.0,910.0,8.3,180.0
913.0,857.0,7.0,180.0
966.0,906.0,8.2,180.0
833.0,737.0,4.5,180.0
891.0,789.0,5.5,180.0
995.0,927.0,8.7,180.0
1038.0,929.0,8.7,180.0
1146.0,1118.0,14.0,180.0
1059.0,958.0,9.5,180.0
1065.0,893.0,7.9,180.0
1013.0,822.0,6.2,180.0
942.0,712.0,4.0,180.0
925.0,735.0,4.4,180.0
871.0,628.0,2.6,180.0
864.0,633.0,2.7,180.0
929.0,698.0,3.8,180.0
912.0,690.0,3.6,180.0
817.0,602.0,2.2,180.0
786.0,558.0,1.7,180.0
827.0,595.0,2.1,180.0
789.0,604.0,2.3,180.0
875.0,754.0,4.8,180.0
959.0,792.0,5.6,180.0
969.0,850.0,6.8,180.0
947.0,821.0,6.2,180.0
960.0,848.0,6.8,180.0
1017.0,1020.0,11.1,180.0
979.0,1057.0,12.2,180.0
843.0,748.0,4.7,180.0
877.0,769.0,5.1,180.0
1053.0,1072.0,12.7,180.0
1047.0,1037.0,11.6,180.0
1105.0,1074.0,12.7,180.0
1008.0,968.0,9.7,180.0
975.0,891.0,7.8,180.0
954.0,850.0,6.8,180.0
987.0,904.0,8.1,180.0
880.0,784.0,5.4,180.0
856.0,732.0,4.4,180.0
788.0,614.0,2.4,180.0
760.0,555.0,1.6,180.0
777.0,570.0,1.8,180.0
825.0,661.0,3.1,180.0
1011.0,947.0,9.2,180.0
1237.0,1319.0,20.8,180.0
1298.0,1473.0,26.8,180.0
1153.0,1230.0,17.7,180.0
1101.0,1124.0,14.2,180.0
1215.0,1203.0,16.8,180.0
1163.0,1179.0,16.0,180.0
1285.0,1293.0,19.9,180.0
1288.0,1253.0,18.5,180.0
1362.0,1334.0,21.4,180.0
1405.0,1372.0,22.8,180.0
1610.0,1697.0,36.5,180.0
1612.0,1745.0,38.8,180.0
1520.0,1604.0,32.3,180.0
1489.0,1534.0,29.3,180.0
1181.0,1124.0,14.2,180.0
995.0,898.0,8.0,180.0
998.0,875.0,7.4,180.0
984.0,864.0,7.2,180.0
1022.0,898.0,8.0,180.0
951.0,835.0,6.5,180.0
910.0,773.0,5.2,180.0
932.0,792.0,5.6,180.0
974.0,859.0,7.0,180.0
1117.0,1031.0,11.5,180.0
1367.0,1343.0,21.7,180.0
1583.0,1726.0,37.9,180.0
1526.0,1552.0,30.1,180.0
1399.0,1416.0,24.5,180.0
1436.0,1435.0,25.2,180.0
1455.0,1468.0,26.5,180.0
1311.0,1286.0,19.6,180.0
1174.0,1097.0,13.4,180.0
1242.0,1158.0,15.3,180.0
1267.0,1151.0,15.1,180.0
1401.0,1326.0,21.1,180.0
1428.0,1393.0,23.6,180.0
1478.0,1447.0,25.7,180.0
1518.0,1483.0,27.2,180.0
1468.0,1415.0,24.4,180.0
1369.0,1305.0,20.3,180.0
1244.0,1141.0,14.8,180.0
1217.0,1077.0,12.8,180.0
1103.0,979.0,10.0,180.0
1118.0,951.0,9.3,180.0
1087.0,950.0,9.3,180.0
1069.0,931.0,8.8,180.0
1112.0,985.0,10.2,180.0
1196.0,1086.0,13.1,180.0
1522.0,1457.0,26.1,180.0
1715.0,1728.0,37.9,180.0
1582.0,1459.0,26.2,180.0
1494.0,1379.0,23.1,180.0
1631.0,1455.0,26.0,180.0
1650.0,1506.0,28.1,180.0
1640.0,1503.0,28.0,180.0
1589.0,1418.0,24.6,180.0
1538.0,1362.0,22.4,180.0
1597.0,1573.0,30.9,652.0
1884.0,1846.0,43.7,895.0
1835.0,1770.0,40.0,826.0
1759.0,1684.0,35.9,648.0
1666.0,1553.0,30.1,629.0
1506.0,1360.0,22.3,529.0
1378.0,1229.0,17.7,405.0
1448.0,1283.0,19.5,461.0
1481.0,1359.0,22.3,486.0
1289.0,1161.0,15.4,335.0
1109.0,951.0,9.3,210.0
994.0,812.0,6.0,180.0
1015.0,839.0,6.6,99.0
966.0,771.0,5.1,149.0
1088.0,932.0,8.8,203.0
1303.0,1198.0,16.6,332.0
1440.0,1412.0,24.3,446.0
1392.0,1313.0,20.6,524.0
1248.0,1167.0,15.6,347.0
1197.0,1058.0,12.2,273.0
1357.0,1230.0,17.7,404.0
1263.0,1143.0,14.8,180.0
1261.0,1148.0,15.0,312.0
1382.0,1200.0,16.7,369.0
1400.0,1230.0,17.7,362.0
1443.0,1322.0,20.9,335.0
1630.0,1520.0,28.7,447.0
1720.0,1661.0,34.8,576.0
1600.0,1492.0,27.5,486.0
1525.0,1427.0,24.9,439.0
1544.0,1409.0,24.2,462.0
1455.0,1357.0,22.2,441.0
1203.0,1090.0,13.2,223.0
1038.0,895.0,7.9,126.0
975.0,807.0,5.9,116.0
917.0,714.0,4.1,180.0
930.0,741.0,4.6,125.0
960.0,804.0,5.8,198.0
982.0,834.0,6.5,185.0
1359.0,1282.0,19.5,425.0
1500.0,1503.0,28.0,465.0
1315.0,1261.0,18.7,341.0
1307.0,1248.0,18.3,316.0
1235.0,1125.0,14.3,241.0
1310.0,1194.0,16.5,266.0
1459.0,1375.0,22.9,412.0
1461.0,1358.0,22.3,394.0
1476.0,1352.0,22.0,365.0
1612.0,1496.0,27.7,548.0
1654.0,1546.0,29.8,494.0
1808.0,1771.0,40.0,686.0
1681.0,1666.0,35.1,556.0
1494.0,1443.0,25.5,467.0
1251.0,1107.0,13.7,297.0
1132.0,965.0,9.7,164.0
1158.0,970.0,9.8,196.0
1146.0,983.0,10.1,201.0
993.0,813.0,6.0,132.0
989.0,814.0,6.0,146.0
943.0,746.0,4.6,180.0
910.0,712.0,4.0,94.0
925.0,742.0,4.6,127.0
1039.0,882.0,7.6,217.0
1208.0,1104.0,13.6,394.0
1268.0,1179.0,16.0,511.0
1353.0,1265.0,18.9,523.0
1317.0,1171.0,15.7,471.0
1356.0,1187.0,16.2,441.0
1414.0,1279.0,19.4,414.0
1326.0,1206.0,16.9,317.0
1211.0,1067.0,12.5,230.0
1324.0,1173.0,15.8,365.0
1324.0,1181.0,16.0,360.0
1361.0,1189.0,16.3,420.0
1475.0,1324.0,21.0,475.0
1537.0,1381.0,23.1,526.0
1413.0,1231.0,17.7,460.0
1229.0,1055.0,12.2,255.0
1297.0,1136.0,14.6,283.0
1302.0,1088.0,13.1,271.0
1347.0,1165.0,15.5,315.0
1165.0,1042.0,11.8,227.0
1155.0,1012.0,10.9,243.0
1050.0,916.0,8.4,180.0
1035.0,855.0,7.0,142.0
1057.0,925.0,8.6,139.0
1029.0,880.0,7.5,182.0
1037.0,902.0,8.1,196.0
920.0,755.0,4.8,108.0
1080.0,891.0,7.8,175.0
1152.0,966.0,9.7,266.0
1085.0,918.0,8.4,179.0
1071.0,882.0,7.6,154.0
1000.0,807.0,5.9,95.0
1058.0,875.0,7.4,151.0
1184.0,983.0,10.1,230.0
1189.0,965.0,9.7,239.0
1277.0,1043.0,11.8,306.0
1482.0,1305.0,20.3,472.0
1555.0,1410.0,24.3,532.0
1324.0,1168.0,15.6,375.0
1015.0,869.0,7.3,147.0
1010.0,860.0,7.1,118.0
1081.0,938.0,9.0,181.0
1071.0,936.0,8.9,209.0
1014.0,864.0,7.2,167.0
891.0,735.0,4.4,112.0
874.0,715.0,4.1,180.0
882.0,729.0,4.3,108.0
940.0,806.0,5.9,181.0
1020.0,866.0,7.2,253.0
1316.0,1253.0,18.5,521.0
1423.0,1429.0,25.0,649.0
1314.0,1262.0,18.8,516.0
1317.0,1283.0,19.5,487.0
1305.0,1245.0,18.2,529.0
1351.0,1298.0,20.0,565.0
1438.0,1425.0,24.8,558.0
1454.0,1380.0,23.1,568.0
1512.0,1441.0,25.5,605.0
1584.0,1597.0,32.0,666.0
1816.0,1897.0,46.3,814.0
1824.0,1862.0,44.5,860.0
1744.0,1793.0,41.0,820.0
1588.0,1610.0,32.5,742.0
1319.0,1273.0,19.1,492.0
1313.0,1285.0,19.6,464.0
1073.0,1005.0,10.7,258.0
1119.0,1056.0,12.2,311.0
989.0,900.0,8.0,231.0
912.0,788.0,5.5,127.0
904.0,787.0,5.5,180.0
851.0,726.0,4.3,124.0
902.0,809.0,5.9,138.0
981.0,923.0,8.6,228.0
1267.0,1260.0,18.7,383.0
1392.0,1429.0,25.0,581.0
1308.0,1285.0,19.6,545.0
1313.0,1318.0,20.8,593.0
1350.0,1299.0,20.1,602.0
1477.0,1471.0,26.7,624.0
1409.0,1393.0,23.6,546.0
1495.0,1465.0,26.4,597.0
1606.0,1573.0,30.9,688.0
1669.0,1615.0,32.8,760.0
1822.0,1890.0,45.9,918.0
1908.0,2007.0,52.1,952.0
1664.0,1699.0,36.6,685.0
1465.0,1404.0,24.0,561.0
1076.0,972.0,9.8,239.0
1055.0,895.0,7.9,175.0
1075.0,878.0,7.5,169.0
1135.0,948.0,9.2,215.0
998.0,799.0,5.7,115.0
953.0,734.0,4.4,94.0
926.0,708.0,3.9,180.0
895.0,656.0,3.1,80.0
967.0,767.0,5.1,132.0
1164.0,997.0,10.5,295.0
1421.0,1313.0,20.6,517.0
1465.0,1515.0,28.5,555.0
1189.0,1075.0,12.7,429.0
1278.0,1182.0,16.1,561.0
1169.0,1144.0,14.9,427.0
1214.0,1203.0,16.8,445.0
1351.0,1345.0,21.8,538.0
1340.0,1256.0,18.6,556.0
1157.0,1131.0,14.5,370.0
1118.0,1096.0,13.4,257.0
1150.0,1173.0,15.8,266.0
1247.0,1315.0,20.7,403.0
1194.0,1198.0,16.6,275.0
1184.0,1157.0,15.3,338.0
990.0,898.0,8.0,176.0
933.0,803.0,5.8,159.0
968.0,858.0,7.0,147.0
861.0,735.0,4.5,99.0
904.0,774.0,5.2,98.0
866.0,734.0,4.4,109.0
881.0,724.0,4.2,180.0
838.0,700.0,3.8,112.0
905.0,776.0,5.2,163.0
1055.0,977.0,10.0,326.0
1328.0,1296.0,20.0,640.0
1401.0,1449.0,25.8,736.0
1291.0,1296.0,20.0,667.0
1316.0,1314.0,20.6,677.0
1116.0,1057.0,12.2,425.0
1139.0,1088.0,13.1,349.0
1165.0,1131.0,14.5,332.0
1260.0,1224.0,17.5,412.0
1475.0,1451.0,25.9,631.0
1521.0,1470.0,26.6,677.0
1633.0,1671.0,35.3,761.0
1463.0,1508.0,28.2,650.0
1140.0,1122.0,14.2,262.0
1147.0,1065.0,12.4,292.0
988.0,839.0,6.6,177.0
924.0,754.0,4.8,103.0
950.0,782.0,5.4,127.0
926.0,727.0,4.3,119.0
879.0,645.0,2.9,83.0
864.0,621.0,2.5,65.0
868.0,596.0,2.2,180.0
894.0,636.0,2.7,84.0
1009.0,816.0,6.1,200.0
1069.0,889.0,7.7,242.0
1311.0,1178.0,15.9,366.0
1370.0,1372.0,22.8,404.0
1246.0,1197.0,16.6,429.0
1039.0,917.0,8.4,169.0
1296.0,1113.0,13.9,419.0
1523.0,1428.0,24.9,603.0
1424.0,1361.0,22.4,589.0
1513.0,1457.0,26.1,706.0
1338.0,1244.0,18.1,592.0
1214.0,1113.0,13.9,305.0
1290.0,1253.0,18.5,371.0
1353.0,1323.0,20.9,465.0
1130.0,1082.0,12.9,390.0
969.0,843.0,6.7,227.0
1038.0,856.0,7.0,284.0
1020.0,869.0,7.3,211.0
1097.0,944.0,9.1,297.0
1123.0,973.0,9.9,351.0
1023.0,851.0,6.9,259.0
1015.0,833.0,6.5,214.0
979.0,805.0,5.9,180.0
931.0,784.0,5.4,173.0
922.0,783.0,5.4,192.0
989.0,891.0,7.8,237.0
1149.0,1103.0,13.6,413.0
1202.0,1160.0,15.4,455.0
1206.0,1131.0,14.4,493.0
1224.0,1126.0,14.3,482.0
1371.0,1305.0,20.3,599.0
1327.0,1259.0,18.7,481.0
1301.0,1218.0,17.3,406.0
1301.0,1208.0,16.9,419.0
1314.0,1191.0,16.4,387.0
1394.0,1272.0,19.1,461.0
1385.0,1260.0,18.7,493.0
1440.0,1362.0,22.4,532.0
1493.0,1437.0,25.3,581.0
1319.0,1230.0,17.7,494.0
1187.0,1110.0,13.8,392.0
1119.0,984.0,10.2,311.0
1100.0,924.0,8.6,236.0
1076.0,895.0,7.9,270.0
972.0,799.0,5.7,199.0
973.0,828.0,6.4,146.0
918.0,742.0,4.6,180.0
844.0,630.0,2.7,74.0
817.0,588.0,2.1,55.0
791.0,519.0,1.2,43.0
819.0,537.0,1.4,46.0
972.0,743.0,4.6,139.0
997.0,797.0,5.7,169.0
1194.0,1000.0,10.6,254.0
1240.0,1014.0,11.0,303.0
1117.0,922.0,8.6,259.0
1141.0,932.0,8.8,226.0
1062.0,880.0,7.5,161.0
1160.0,1036.0,11.6,182.0
1169.0,983.0,10.1,289.0
1185.0,1006.0,10.8,340.0
1571.0,1559.0,30.3,544.0
1464.0,1362.0,22.4,543.0
1423.0,1314.0,20.6,501.0
1318.0,1226.0,17.5,521.0
1229.0,1114.0,13.9,352.0
1187.0,1105.0,13.6,321.0
1353.0,1176.0,15.9,318.0
1407.0,1235.0,17.8,338.0
1333.0,1201.0,16.7,353.0
1269.0,1181.0,16.0,180.0
1253.0,1206.0,16.9,291.0
1212.0,1149.0,15.0,279.0
1061.0,962.0,9.6,200.0
1028.0,890.0,7.8,180.0
1067.0,928.0,8.7,213.0
1111.0,970.0,9.8,266.0
1189.0,1065.0,12.4,247.0
1293.0,1114.0,13.9,326.0
1285.0,1065.0,12.5,319.0
1236.0,1011.0,10.9,320.0
1082.0,834.0,6.5,174.0
1188.0,954.0,9.4,216.0
1348.0,1157.0,15.3,376.0
1394.0,1193.0,16.4,496.0
1472.0,1290.0,19.8,523.0
1291.0,1174.0,15.8,465.0
1264.0,1133.0,14.5,407.0
1264.0,1138.0,14.7,412.0
1260.0,1160.0,15.3,403.0
1184.0,1084.0,13.0,357.0
1122.0,996.0,10.5,259.0
983.0,881.0,7.6,227.0
885.0,753.0,4.8,147.0
825.0,661.0,3.1,180.0
791.0,627.0,2.6,72.0
802.0,636.0,2.7,96.0
804.0,652.0,3.0,73.0
1014.0,927.0,8.7,309.0
1316.0,1317.0,20.7,607.0
1296.0,1435.0,25.2,562.0
1381.0,1394.0,23.6,560.0
1570.0,1617.0,32.9,844.0
1426.0,1445.0,25.6,667.0
1535.0,1578.0,31.2,583.0
1678.0,1727.0,37.9,726.0
1605.0,1603.0,32.3,674.0
1559.0,1586.0,31.5,544.0
1713.0,1728.0,38.0,715.0
1751.0,1853.0,44.1,789.0
1723.0,1869.0,44.9,737.0
1778.0,1935.0,48.2,859.0
1461.0,1529.0,29.1,668.0
1258.0,1272.0,19.1,454.0
1138.0,1113.0,13.9,337.0
936.0,849.0,6.8,127.0
1167.0,1090.0,13.2,281.0
1071.0,1003.0,10.7,252.0
866.0,717.0,4.1,180.0
836.0,647.0,2.9,65.0
823.0,630.0,2.7,69.0
890.0,727.0,4.3,151.0
1019.0,901.0,8.0,231.0
1177.0,1166.0,15.5,297.0
1348.0,1398.0,23.8,515.0
1341.0,1323.0,21.0,499.0
1307.0,1278.0,19.3,445.0
1305.0,1287.0,19.7,464.0
1177.0,1090.0,13.2,298.0
1192.0,1085.0,13.0,266.0
1214.0,1080.0,12.9,323.0
1240.0,1152.0,15.1,352.0
1271.0,1188.0,16.3,372.0
1333.0,1312.0,20.5,383.0
1390.0,1414.0,24.4,455.0
1266.0,1261.0,18.7,355.0
1140.0,1072.0,12.7,267.0
1240.0,1168.0,15.6,308.0
1187.0,1122.0,14.2,313.0
1043.0,975.0,9.9,216.0
948.0,826.0,6.3,137.0
955.0,775.0,5.2,140.0
915.0,721.0,4.2,180.0
832.0,644.0,2.9,94.0
846.0,628.0,2.6,79.0
897.0,750.0,4.7,156.0
908.0,767.0,5.1,153.0
1348.0,1357.0,22.2,464.0
1384.0,1386.0,23.3,435.0
1473.0,1463.0,26.3,683.0
1360.0,1287.0,19.7,523.0
1305.0,1223.0,17.4,460.0
1337.0,1302.0,20.2,417.0
1414.0,1414.0,24.4,486.0
1463.0,1417.0,24.5,512.0
1530.0,1425.0,24.8,595.0
1915.0,1889.0,45.9,1052.0
1882.0,1920.0,47.5,1014.0
1589.0,1619.0,33.0,633.0
1463.0,1484.0,27.2,485.0
1380.0,1345.0,21.8,480.0
1383.0,1332.0,21.3,572.0
1181.0,1094.0,13.3,345.0
1061.0,931.0,8.8,195.0
1091.0,945.0,9.2,213.0
1010.0,884.0,7.6,216.0
868.0,688.0,3.6,180.0
852.0,639.0,2.8,73.0
826.0,601.0,2.2,67.0
862.0,677.0,3.4,96.0
951.0,800.0,5.7,162.0
1210.0,1188.0,16.3,305.0
1601.0,1727.0,37.9,725.0
1477.0,1443.0,25.5,658.0
1458.0,1408.0,24.2,710.0
1354.0,1321.0,20.9,445.0
1385.0,1354.0,22.1,455.0
1460.0,1430.0,25.0,524.0
1492.0,1463.0,26.4,527.0
1569.0,1547.0,29.8,601.0
1870.0,1871.0,45.0,1001.0
1774.0,1829.0,42.8,852.0
1388.0,1363.0,22.4,370.0
1303.0,1177.0,15.9,348.0
1257.0,1126.0,14.3,361.0
1132.0,1002.0,10.7,255.0
1050.0,881.0,7.6,162.0
1033.0,842.0,6.7,166.0
1106.0,938.0,9.0,247.0
1107.0,940.0,9.0,255.0
1011.0,856.0,7.0,180.0
916.0,726.0,4.3,129.0
852.0,641.0,2.8,83.0
889.0,694.0,3.7,114.0
1002.0,828.0,6.3,233.0
1231.0,1134.0,14.5,448.0
1212.0,1191.0,16.4,455.0
1121.0,1012.0,10.9,254.0
1260.0,1121.0,14.1,313.0
1391.0,1214.0,17.1,490.0
1463.0,1280.0,19.4,496.0
1464.0,1321.0,20.9,514.0
1412.0,1230.0,17.7,454.0
1450.0,1292.0,19.8,507.0
1416.0,1283.0,19.5,474.0
1346.0,1211.0,17.0,404.0
1273.0,1137.0,14.6,356.0
1206.0,1049.0,12.0,345.0
1252.0,1094.0,13.3,395.0
1069.0,897.0,7.9,249.0
1061.0,895.0,7.9,197.0
1072.0,880.0,7.5,224.0
1075.0,917.0,8.4,231.0
992.0,853.0,6.9,177.0
914.0,741.0,4.6,180.0
854.0,700.0,3.8,98.0
774.0,591.0,2.1,64.0
757.0,542.0,1.5,44.0
752.0,516.0,1.2,53.0
757.0,551.0,1.6,94.0
777.0,580.0,1.9,100.0
774.0,583.0,2.0,98.0
805.0,632.0,2.7,115.0
838.0,686.0,3.6,115.0
824.0,695.0,3.7,76.0
812.0,704.0,3.9,55.0
806.0,702.0,3.8,59.0
789.0,675.0,3.4,95.0
821.0,713.0,4.0,107.0
1024.0,1127.0,14.3,189.0
1009.0,995.0,10.5,386.0
1064.0,1055.0,12.2,412.0
1001.0,1029.0,11.4,342.0
927.0,868.0,7.3,255.0
819.0,613.0,2.4,89.0
847.0,630.0,2.7,106.0
798.0,621.0,2.5,109.0
757.0,561.0,1.7,67.0
703.0,446.0,0.5,180.0
689.0,407.0,0.3,13.0
698.0,424.0,0.4,20.0
720.0,458.0,0.6,33.0
797.0,593.0,2.1,146.0
950.0,875.0,7.4,359.0
887.0,809.0,5.9,322.0
850.0,755.0,4.8,293.0
836.0,740.0,4.5,255.0
827.0,768.0,5.1,233.0
819.0,810.0,6.0,220.0
919.0,978.0,10.0,246.0
897.0,890.0,7.8,272.0
973.0,1023.0,11.2,358.0
1065.0,1211.0,17.0,514.0
1341.0,1575.0,31.0,742.0
1303.0,1524.0,28.9,180.0
1189.0,1381.0,23.1,180.0
1054.0,1106.0,13.7,180.0
943.0,900.0,8.0,180.0
903.0,872.0,7.4,180.0
858.0,760.0,4.9,180.0
821.0,696.0,3.7,180.0
781.0,645.0,2.9,180.0
741.0,580.0,1.9,180.0
720.0,540.0,1.4,180.0
733.0,574.0,1.9,180.0
780.0,666.0,3.2,180.0
915.0,873.0,7.4,180.0
1228.0,1362.0,22.4,180.0
1239.0,1373.0,22.8,180.0
1209.0,1255.0,18.5,180.0
1257.0,1308.0,20.4,180.0
1007.0,1000.0,10.6,180.0
1020.0,1041.0,11.8,180.0
1094.0,1144.0,14.8,180.0
1045.0,1087.0,13.1,180.0
909.0,879.0,7.5,180.0
1013.0,905.0,8.1,180.0
1236.0,1206.0,16.9,180.0
1275.0,1294.0,19.9,180.0
1237.0,1194.0,16.5,180.0
1101.0,963.0,9.6,180.0
962.0,778.0,5.3,180.0
841.0,680.0,3.5,180.0
831.0,620.0,2.5,180.0
843.0,622.0,2.5,180.0
798.0,600.0,2.2,180.0
730.0,477.0,0.8,180.0
715.0,445.0,0.5,32.0
726.0,443.0,0.5,29.0
771.0,490.0,0.9,48.0
805.0,555.0,1.6,113.0
958.0,803.0,5.8,267.0
1021.0,959.0,9.5,332.0
969.0,843.0,6.7,354.0
923.0,733.0,4.4,316.0
973.0,850.0,6.8,395.0
996.0,893.0,7.8,391.0
1055.0,1007.0,10.8,457.0
1023.0,971.0,9.8,448.0
1039.0,1024.0,11.3,543.0
1051.0,1061.0,12.3,574.0
1050.0,1070.0,12.6,435.0
1156.0,1209.0,17.0,504.0
1277.0,1335.0,21.4,586.0
1172.0,1159.0,15.3,580.0
1048.0,973.0,9.9,346.0
1144.0,1096.0,13.4,531.0
1104.0,1023.0,11.2,477.0
1038.0,957.0,9.4,344.0
960.0,838.0,6.6,219.0
934.0,787.0,5.5,180.0
930.0,784.0,5.4,174.0
918.0,778.0,5.3,165.0
952.0,814.0,6.1,250.0
1019.0,905.0,8.1,388.0
1287.0,1218.0,17.3,758.0
1578.0,1605.0,32.3,1247.0
1417.0,1407.0,24.1,1110.0
1392.0,1325.0,21.0,1145.0
1147.0,1073.0,12.7,720.0
1150.0,1105.0,13.6,557.0
1252.0,1240.0,18.0,678.0
1186.0,1125.0,14.3,659.0
1172.0,1107.0,13.7,552.0
1109.0,1021.0,11.2,395.0
1201.0,1196.0,16.5,573.0
1189.0,1183.0,16.1,463.0
1282.0,1312.0,20.6,568.0
1207.0,1203.0,16.8,706.0
904.0,754.0,4.8,193.0
900.0,711.0,4.0,151.0
932.0,740.0,4.5,167.0
968.0,785.0,5.4,239.0
827.0,610.0,2.4,102.0
789.0,515.0,1.2,180.0
812.0,549.0,1.6,55.0
811.0,559.0,1.7,71.0
827.0,560.0,1.7,79.0
849.0,604.0,2.3,117.0
1001.0,798.0,5.7,266.0
1021.0,896.0,7.9,340.0
978.0,831.0,6.4,257.0
996.0,855.0,6.9,311.0
1014.0,843.0,6.7,279.0
1061.0,928.0,8.7,267.0
1092.0,975.0,9.9,310.0
1129.0,1028.0,11.4,352.0
1077.0,969.0,9.8,337.0
1153.0,1079.0,12.9,358.0
1234.0,1197.0,16.6,547.0
1319.0,1319.0,20.8,600.0
1251.0,1264.0,18.8,470.0
1165.0,1070.0,12.6,522.0
954.0,807.0,5.9,208.0
971.0,818.0,6.1,205.0
961.0,765.0,5.0,217.0
952.0,758.0,4.9,216.0
875.0,635.0,2.7,117.0
891.0,633.0,2.7,180.0
1006.0,765.0,5.0,174.0
907.0,691.0,3.7,111.0
938.0,702.0,3.8,147.0
925.0,672.0,3.3,140.0
1157.0,967.0,9.7,421.0
1169.0,1003.0,10.7,350.0
1312.0,1139.0,14.7,550.0
1347.0,1227.0,17.6,589.0
1321.0,1224.0,17.5,537.0
1267.0,1118.0,14.1,473.0
1234.0,1053.0,12.1,364.0
1101.0,947.0,9.2,270.0
1149.0,998.0,10.6,368.0
1094.0,941.0,9.0,318.0
1056.0,878.0,7.5,244.0
1030.0,899.0,8.0,234.0
1075.0,943.0,9.1,296.0
927.0,748.0,4.7,205.0
793.0,570.0,1.8,95.0
796.0,589.0,2.1,93.0
780.0,568.0,1.8,100.0
774.0,569.0,1.8,100.0
718.0,500.0,1.0,63.0
705.0,478.0,0.8,180.0
689.0,470.0,0.7,36.0
678.0,427.0,0.4,24.0
655.0,402.0,0.2,20.0
649.0,397.0,0.2,25.0
647.0,412.0,0.3,39.0
667.0,429.0,0.4,57.0
669.0,444.0,0.5,59.0
667.0,455.0,0.6,65.0
705.0,508.0,1.1,93.0
710.0,523.0,1.2,112.0
713.0,539.0,1.4,110.0
703.0,512.0,1.1,81.0
738.0,529.0,1.3,100.0
795.0,569.0,1.8,109.0
861.0,750.0,4.7,148.0
836.0,653.0,3.0,207.0
812.0,652.0,3.0,210.0
771.0,642.0,2.8,180.0
711.0,556.0,1.6,109.0
741.0,607.0,2.3,128.0
696.0,532.0,1.3,96.0
692.0,507.0,1.1,65.0
679.0,449.0,0.6,42.0
676.0,429.0,0.4,180.0
681.0,428.0,0.4,24.0
683.0,426.0,0.4,28.0
704.0,478.0,0.8,55.0
767.0,588.0,2.0,181.0
964.0,928.0,8.7,480.0
925.0,923.0,8.6,442.0
883.0,849.0,6.8,361.0
894.0,820.0,6.2,288.0
881.0,831.0,6.4,330.0
867.0,842.0,6.7,300.0
856.0,821.0,6.2,239.0
862.0,843.0,6.7,265.0
891.0,891.0,7.8,287.0
931.0,1032.0,11.5,403.0
1025.0,1202.0,16.7,515.0
1029.0,1198.0,16.6,446.0
1038.0,1190.0,16.3,501.0
904.0,924.0,8.6,355.0
844.0,782.0,5.4,217.0
839.0,711.0,4.0,180.0
844.0,705.0,3.9,167.0
800.0,641.0,2.8,126.0
786.0,596.0,2.2,113.0
737.0,492.0,0.9,180.0
732.0,472.0,0.7,37.0
737.0,468.0,0.7,50.0
778.0,517.0,1.2,96.0
867.0,669.0,3.3,271.0
1248.0,1197.0,16.6,892.0
1389.0,1463.0,26.3,1071.0
1184.0,1193.0,16.4,839.0
1160.0,1165.0,15.5,713.0
982.0,1003.0,10.7,498.0
948.0,1017.0,11.1,389.0
1017.0,1039.0,11.7,457.0
985.0,1011.0,10.9,425.0
1017.0,1029.0,11.4,483.0
1121.0,1190.0,16.3,604.0
1129.0,1255.0,18.5,648.0
1101.0,1134.0,14.5,427.0
1182.0,1175.0,15.8,461.0
1144.0,1091.0,13.2,436.0
1046.0,890.0,7.8,300.0
990.0,817.0,6.1,277.0
974.0,764.0,5.0,196.0
953.0,778.0,5.3,277.0
868.0,647.0,2.9,131.0
833.0,574.0,1.9,180.0
786.0,522.0,1.2,97.0
834.0,551.0,1.6,105.0
845.0,583.0,2.0,138.0
929.0,713.0,4.0,183.0
1234.0,1161.0,15.4,664.0
1270.0,1267.0,19.0,611.0
1241.0,1135.0,14.6,600.0
1268.0,1180.0,16.0,180.0
1248.0,1131.0,14.4,878.0
1317.0,1269.0,19.0,905.0
1308.0,1306.0,20.3,808.0
1321.0,1281.0,19.5,858.0
1360.0,1325.0,21.0,839.0
1659.0,1685.0,35.9,1290.0
1802.0,1924.0,47.7,748.0
1549.0,1553.0,30.1,1148.0
1407.0,1351.0,22.0,729.0
1374.0,1268.0,19.0,810.0
1127.0,948.0,9.2,427.0
1096.0,860.0,7.1,274.0
1119.0,908.0,8.2,387.0
999.0,771.0,5.1,235.0
987.0,794.0,5.6,225.0
912.0,685.0,3.5,180.0
893.0,701.0,3.8,185.0
878.0,687.0,3.6,212.0
996.0,841.0,6.6,358.0
1119.0,974.0,9.9,531.0
1407.0,1339.0,21.5,992.0
1503.0,1498.0,27.8,1132.0
1446.0,1374.0,22.9,1195.0
1416.0,1302.0,20.2,1120.0
1448.0,1288.0,19.7,870.0
1282.0,1111.0,13.8,570.0
1271.0,1157.0,15.3,384.0
1321.0,1178.0,15.9,381.0
1362.0,1223.0,17.4,541.0
1316.0,1228.0,17.6,484.0
1374.0,1307.0,20.4,549.0
1388.0,1367.0,22.6,596.0
1422.0,1432.0,25.1,620.0
1281.0,1216.0,17.2,542.0
1192.0,1040.0,11.7,381.0
1108.0,945.0,9.2,270.0
1071.0,885.0,7.7,284.0
999.0,793.0,5.6,204.0
925.0,670.0,3.3,93.0
886.0,608.0,2.3,180.0
888.0,590.0,2.1,51.0
863.0,531.0,1.3,45.0
870.0,550.0,1.6,68.0
1043.0,776.0,5.3,198.0
1478.0,1310.0,20.5,633.0
1436.0,1371.0,22.7,548.0
1354.0,1201.0,16.7,588.0
1290.0,1110.0,13.8,612.0
1203.0,1043.0,11.8,428.0
1298.0,1156.0,15.2,463.0
1352.0,1236.0,17.9,479.0
1247.0,1142.0,14.8,469.0
1375.0,1247.0,18.3,583.0
1553.0,1414.0,24.4,760.0
1521.0,1430.0,25.0,691.0
1623.0,1547.0,29.8,832.0
1510.0,1501.0,27.9,881.0
837.0,835.0,6.5,390.0
667.0,689.0,3.6,207.0
695.0,711.0,4.0,204.0
683.0,686.0,3.6,243.0
695.0,709.0,4.0,264.0
703.0,685.0,3.5,215.0
698.0,614.0,2.4,180.0
714.0,605.0,2.3,146.0
692.0,546.0,1.5,92.0
729.0,639.0,2.8,174.0
880.0,812.0,6.0,294.0
974.0,1019.0,11.1,412.0
1086.0,1157.0,15.3,573.0
1087.0,1213.0,17.1,661.0
933.0,990.0,10.3,555.0
852.0,919.0,8.5,363.0
882.0,993.0,10.4,302.0
888.0,1009.0,10.9,340.0
878.0,1000.0,10.6,306.0
892.0,1018.0,11.1,377.0
1117.0,1327.0,21.1,625.0
1252.0,1359.0,22.3,870.0
1012.0,999.0,10.6,421.0
1025.0,916.0,8.4,294.0
1033.0,881.0,7.6,339.0
1008.0,861.0,7.1,260.0
992.0,867.0,7.2,256.0
1187.0,1114.0,13.9,572.0
1065.0,968.0,9.7,428.0
889.0,760.0,4.9,195.0
901.0,767.0,5.1,180.0
875.0,795.0,5.6,160.0
808.0,636.0,2.8,101.0
858.0,633.0,2.7,97.0
819.0,690.0,3.6,127.0
862.0,757.0,4.9,227.0
877.0,793.0,5.6,253.0
941.0,832.0,6.4,234.0
983.0,846.0,6.8,291.0
1067.0,981.0,10.1,402.0
1100.0,1022.0,11.2,492.0
958.0,928.0,8.7,351.0
866.0,763.0,5.0,160.0
1018.0,907.0,8.2,292.0
1175.0,1074.0,12.7,537.0
1197.0,1012.0,10.9,607.0
1110.0,872.0,7.4,308.0
1060.0,825.0,6.3,277.0
1136.0,885.0,7.7,348.0
1049.0,864.0,7.2,267.0
1053.0,859.0,7.0,399.0
970.0,763.0,5.0,163.0
1049.0,907.0,8.2,297.0
919.0,761.0,5.0,212.0
870.0,684.0,3.5,180.0
814.0,587.0,2.0,81.0
820.0,604.0,2.3,116.0
897.0,722.0,4.2,201.0
988.0,850.0,6.8,333.0
1242.0,1185.0,16.2,733.0
1493.0,1981.0,50.7,846.0
1394.0,2214.0,63.7,801.0
1252.0,1439.0,25.4,884.0
1255.0,1301.0,20.1,784.0
1360.0,1392.0,23.5,896.0
1369.0,1434.0,25.2,953.0
1361.0,1347.0,21.8,980.0
1411.0,1371.0,22.8,1058.0
1509.0,1439.0,25.4,1080.0
1738.0,1735.0,38.3,1301.0
1766.0,1720.0,37.6,1345.0
1706.0,1641.0,33.9,1218.0
1472.0,1361.0,22.4,884.0
1392.0,1206.0,16.9,650.0
1335.0,1112.0,13.9,444.0
1285.0,1037.0,11.6,370.0
1267.0,1008.0,10.8,349.0
1176.0,930.0,8.8,287.0
1079.0,812.0,6.0,180.0
1084.0,816.0,6.1,226.0
1091.0,829.0,6.4,238.0
1126.0,886.0,7.7,316.0
1210.0,978.0,10.0,508.0
1565.0,1405.0,24.0,920.0
1578.0,1494.0,27.6,980.0
1702.0,1585.0,31.5,1188.0
1552.0,1406.0,24.1,1045.0
1590.0,1466.0,26.5,999.0
1640.0,1480.0,27.1,955.0
1769.0,1624.0,33.2,1189.0
1581.0,1442.0,25.5,933.0
1658.0,1482.0,27.1,898.0
1821.0,1673.0,35.4,1201.0
1982.0,1959.0,49.5,1369.0
2008.0,1980.0,50.6,1389.0
1918.0,1958.0,49.4,1358.0
1693.0,1590.0,31.7,1189.0
1495.0,1345.0,21.8,866.0
1449.0,1291.0,19.8,718.0
1439.0,1257.0,18.6,715.0
1270.0,1098.0,13.4,558.0
1163.0,980.0,10.1,467.0
1130.0,915.0,8.4,180.0
1023.0,781.0,5.4,295.0
931.0,679.0,3.4,151.0
953.0,717.0,4.1,188.0
1108.0,927.0,8.7,380.0
1414.0,1261.0,18.7,717.0
1423.0,1323.0,21.0,803.0
1352.0,1231.0,17.7,726.0
1303.0,1153.0,15.1,558.0
1103.0,931.0,8.8,427.0
1138.0,967.0,9.7,317.0
1278.0,1130.0,14.4,436.0
1292.0,1141.0,14.7,490.0
1374.0,1222.0,17.4,602.0
1464.0,1358.0,22.3,732.0
1562.0,1557.0,30.3,865.0
1592.0,1627.0,33.3,936.0
1669.0,1686.0,36.0,1074.0
1429.0,1401.0,23.9,812.0
1354.0,1269.0,19.0,773.0
1311.0,1203.0,16.8,761.0
1311.0,1225.0,17.5,781.0
1292.0,1221.0,17.4,743.0
1091.0,1025.0,11.3,533.0
1009.0,928.0,8.7,180.0
1050.0,956.0,9.4,456.0
1053.0,955.0,9.4,486.0
1016.0,945.0,9.1,498.0
1057.0,1004.0,10.7,585.0
1309.0,1333.0,21.3,911.0
1315.0,1375.0,22.9,845.0
1315.0,1300.0,20.1,807.0
1111.0,1042.0,11.8,603.0
1087.0,1000.0,10.6,391.0
1104.0,1028.0,11.4,279.0
1142.0,1078.0,12.8,358.0
1164.0,1096.0,13.4,403.0
1214.0,1124.0,14.2,465.0
1369.0,1346.0,21.8,707.0
1368.0,1334.0,21.4,660.0
1226.0,1161.0,15.4,402.0
1225.0,1134.0,14.5,350.0
1190.0,1028.0,11.4,355.0
1128.0,889.0,7.8,296.0
1105.0,883.0,7.6,266.0
1152.0,959.0,9.5,373.0
1141.0,967.0,9.7,417.0
1121.0,901.0,8.1,308.0
1043.0,805.0,5.9,180.0
1090.0,841.0,6.6,209.0
982.0,752.0,4.8,196.0
974.0,743.0,4.6,203.0
1118.0,915.0,8.4,393.0
1508.0,1379.0,23.1,864.0
1521.0,1470.0,26.6,960.0
1562.0,1458.0,26.1,1056.0
1392.0,1192.0,16.4,856.0
1439.0,1267.0,18.9,854.0
1539.0,1371.0,22.7,854.0
1608.0,1483.0,27.2,949.0
1589.0,1407.0,24.1,932.0
1704.0,1531.0,29.1,1071.0
1822.0,1686.0,36.0,1134.0
1956.0,1877.0,45.2,1389.0
1676.0,1568.0,30.7,866.0
1834.0,1723.0,37.7,947.0
1759.0,1588.0,31.6,1155.0
1518.0,1293.0,19.9,798.0
1502.0,1256.0,18.6,696.0
1499.0,1207.0,16.9,654.0
1531.0,1238.0,18.0,685.0
1424.0,1145.0,14.9,574.0
1279.0,986.0,10.2,180.0
1250.0,942.0,9.1,319.0
1189.0,870.0,7.3,263.0
1197.0,881.0,7.6,320.0
1273.0,946.0,9.2,439.0
1298.0,1017.0,11.1,398.0
1453.0,1190.0,16.3,637.0
1492.0,1233.0,17.8,699.0
1481.0,1202.0,16.7,699.0
1524.0,1228.0,17.6,707.0
1562.0,1280.0,19.4,743.0
1567.0,1300.0,20.1,745.0
1568.0,1280.0,19.4,741.0
1622.0,1312.0,20.5,765.0
1515.0,1259.0,18.7,632.0
1603.0,1417.0,24.5,808.0
1514.0,1334.0,21.3,703.0
1567.0,1392.0,23.5,764.0
1380.0,1163.0,15.5,667.0
1214.0,972.0,9.9,355.0
1225.0,982.0,10.1,359.0
1250.0,989.0,10.3,327.0
1143.0,882.0,7.6,289.0
1046.0,817.0,6.1,180.0
953.0,722.0,4.2,138.0
913.0,659.0,3.1,86.0
858.0,554.0,1.6,60.0
848.0,560.0,1.7,62.0
871.0,548.0,1.5,73.0
909.0,624.0,2.6,157.0
906.0,637.0,2.8,166.0
859.0,573.0,1.9,98.0
1028.0,773.0,5.2,153.0
1089.0,835.0,6.5,307.0
1184.0,954.0,9.4,416.0
1136.0,906.0,8.2,346.0
1069.0,854.0,6.9,252.0
1214.0,922.0,8.6,326.0
1212.0,926.0,8.6,490.0
1218.0,981.0,10.1,452.0
1279.0,1069.0,12.6,542.0
1382.0,1196.0,16.5,605.0
1292.0,1085.0,13.0,577.0
1250.0,1054.0,12.1,491.0
1260.0,1030.0,11.4,492.0
1203.0,988.0,10.3,412.0
1146.0,900.0,8.0,283.0
1130.0,902.0,8.1,280.0
1032.0,757.0,4.9,180.0
993.0,720.0,4.2,156.0
987.0,759.0,4.9,166.0
1018.0,800.0,5.7,225.0
1129.0,971.0,9.8,325.0
1440.0,1312.0,20.6,760.0
1609.0,1540.0,29.5,948.0
1573.0,1511.0,28.3,1044.0
1705.0,1562.0,30.5,1172.0
1551.0,1377.0,23.0,1000.0
1163.0,1016.0,11.1,366.0
1186.0,1077.0,12.8,346.0
1166.0,1007.0,10.8,289.0
1200.0,1027.0,11.4,316.0
1134.0,903.0,8.1,238.0
1161.0,979.0,10.0,267.0
1117.0,871.0,7.3,182.0
1114.0,872.0,7.3,197.0
1022.0,744.0,4.6,149.0
996.0,710.0,4.0,124.0
1002.0,704.0,3.9,105.0
1032.0,688.0,3.6,109.0
1052.0,766.0,5.1,169.0
1014.0,737.0,4.5,124.0
897.0,581.0,2.0,180.0
878.0,518.0,1.2,50.0
840.0,534.0,1.4,47.0
879.0,575.0,1.9,110.0
999.0,690.0,3.6,193.0
1251.0,1015.0,11.0,475.0
1351.0,1226.0,17.5,420.0
1312.0,1177.0,15.9,439.0
1201.0,1098.0,13.4,461.0
1120.0,932.0,8.8,238.0
1071.0,955.0,9.4,232.0
1085.0,967.0,9.7,241.0
1113.0,980.0,10.1,278.0
1310.0,1301.0,20.2,496.0
1183.0,1122.0,14.2,464.0
1362.0,1373.0,22.8,600.0
1408.0,1502.0,28.0,692.0
1471.0,1559.0,30.3,731.0
1157.0,1063.0,12.4,491.0
1061.0,899.0,8.0,284.0
1006.0,836.0,6.5,245.0
1039.0,880.0,7.5,273.0
886.0,699.0,3.8,157.0
900.0,701.0,3.8,117.0
856.0,654.0,3.0,180.0
857.0,638.0,2.8,123.0
844.0,618.0,2.5,100.0
927.0,671.0,3.3,135.0
1007.0,857.0,7.0,301.0
1318.0,1243.0,18.1,641.0
1396.0,1419.0,24.6,849.0
1337.0,1288.0,19.7,861.0
1202.0,1083.0,13.0,629.0
1309.0,1212.0,17.1,737.0
1351.0,1278.0,19.3,712.0
1501.0,1514.0,28.4,933.0
1426.0,1375.0,22.9,836.0
1544.0,1446.0,25.7,987.0
1566.0,1474.0,26.8,985.0
1547.0,1532.0,29.2,1040.0
1124.0,1047.0,11.9,401.0
1090.0,981.0,10.1,279.0
1034.0,865.0,7.2,280.0
1040.0,859.0,7.1,280.0
1060.0,877.0,7.5,327.0
1076.0,903.0,8.1,316.0
975.0,787.0,5.5,223.0
987.0,796.0,5.7,180.0
928.0,699.0,3.8,180.0
889.0,646.0,2.9,131.0
880.0,610.0,2.4,101.0
919.0,711.0,4.0,189.0
1073.0,867.0,7.2,336.0
1435.0,1341.0,21.6,804.0
1477.0,1501.0,27.9,860.0
1337.0,1275.0,19.2,745.0
1308.0,1191.0,16.4,685.0
1245.0,1143.0,14.8,639.0
1295.0,1205.0,16.8,668.0
1338.0,1208.0,16.9,469.0
1405.0,1269.0,19.0,605.0
1456.0,1291.0,19.8,641.0
1516.0,1423.0,24.8,774.0
1707.0,1721.0,37.6,1001.0
1816.0,1851.0,43.9,1184.0
1713.0,1699.0,36.6,1020.0
1646.0,1570.0,30.8,964.0
1468.0,1351.0,22.0,741.0
1443.0,1323.0,20.9,757.0
1289.0,1087.0,13.1,564.0
1194.0,950.0,9.3,434.0
1165.0,957.0,9.4,308.0
1003.0,747.0,4.7,180.0
986.0,700.0,3.8,133.0
930.0,623.0,2.5,103.0
988.0,709.0,4.0,178.0
1094.0,857.0,7.0,289.0
1528.0,1328.0,21.1,736.0
1628.0,1528.0,29.0,928.0
1555.0,1377.0,23.0,897.0
1290.0,1084.0,13.0,596.0
1280.0,1144.0,14.9,481.0
1302.0,1169.0,15.7,495.0
1332.0,1242.0,18.1,460.0
1332.0,1163.0,15.5,445.0
1493.0,1399.0,23.8,618.0
1648.0,1612.0,32.6,858.0
1482.0,1404.0,24.0,634.0
1501.0,1392.0,23.6,575.0
1601.0,1568.0,30.7,738.0
1421.0,1320.0,20.9,739.0
1232.0,1074.0,12.7,472.0
1270.0,1117.0,14.0,542.0
1257.0,1108.0,13.7,577.0
1246.0,1077.0,12.8,568.0
1166.0,1013.0,11.0,451.0
1062.0,906.0,8.2,180.0
1005.0,829.0,6.4,242.0
1032.0,848.0,6.8,277.0
1034.0,876.0,7.4,291.0
1024.0,822.0,6.2,277.0
1243.0,1108.0,13.7,510.0
1148.0,963.0,9.6,451.0
1182.0,994.0,10.4,584.0
1015.0,835.0,6.5,260.0
1175.0,1002.0,10.6,492.0
1224.0,1046.0,11.9,580.0
1123.0,916.0,8.4,373.0
1187.0,961.0,9.6,497.0
1116.0,860.0,7.1,413.0
1131.0,912.0,8.3,444.0
1215.0,1012.0,10.9,533.0
1077.0,852.0,6.9,325.0
1210.0,1000.0,10.6,439.0
1181.0,956.0,9.4,506.0
1088.0,851.0,6.9,349.0
1054.0,794.0,5.6,235.0
1096.0,826.0,6.3,378.0
1042.0,834.0,6.5,304.0
887.0,679.0,3.4,180.0
884.0,651.0,3.0,180.0
862.0,639.0,2.8,148.0
821.0,584.0,2.0,106.0
797.0,543.0,1.5,87.0
802.0,538.0,1.4,96.0
848.0,578.0,1.9,120.0
863.0,610.0,2.4,130.0
889.0,661.0,3.1,140.0
969.0,733.0,4.4,176.0
1013.0,795.0,5.6,209.0
1100.0,842.0,6.7,309.0
1019.0,788.0,5.5,226.0
1061.0,887.0,7.7,246.0
940.0,692.0,3.7,208.0
904.0,640.0,2.8,154.0
1120.0,935.0,8.9,275.0
987.0,746.0,4.6,281.0
971.0,734.0,4.4,237.0
965.0,733.0,4.4,225.0
873.0,641.0,2.8,143.0
892.0,672.0,3.3,146.0
857.0,605.0,2.3,115.0
901.0,662.0,3.2,125.0
901.0,661.0,3.1,150.0
904.0,649.0,3.0,180.0
857.0,562.0,1.7,78.0
881.0,602.0,2.3,108.0
913.0,701.0,3.8,181.0
1012.0,817.0,6.1,302.0
1314.0,1173.0,15.8,587.0
1479.0,1465.0,26.4,712.0
1299.0,1254.0,18.5,698.0
1221.0,1090.0,13.2,576.0
1171.0,1049.0,12.0,438.0
1316.0,1293.0,19.9,562.0
1208.0,1191.0,16.4,467.0
1145.0,1112.0,13.8,323.0
1189.0,1167.0,15.6,391.0
1173.0,1170.0,15.7,379.0
1237.0,1239.0,18.0,387.0
1253.0,1238.0,17.9,433.0
1155.0,1126.0,14.3,349.0
1175.0,1077.0,12.8,337.0
1001.0,871.0,7.3,245.0
1014.0,804.0,5.8,236.0
966.0,770.0,5.1,191.0
987.0,786.0,5.5,273.0
888.0,680.0,3.5,211.0
911.0,719.0,4.2,180.0
828.0,627.0,2.6,146.0
857.0,604.0,2.3,126.0
886.0,641.0,2.8,146.0
964.0,730.0,4.3,243.0
1230.0,1070.0,12.6,450.0
1236.0,1203.0,16.8,499.0
1322.0,1219.0,17.3,574.0
1407.0,1292.0,19.8,679.0
1357.0,1339.0,21.6,572.0
1289.0,1239.0,18.0,396.0
1257.0,1179.0,16.0,455.0
1199.0,1108.0,13.7,423.0
1181.0,1121.0,14.1,356.0
1175.0,1112.0,13.9,350.0
1202.0,1126.0,14.3,359.0
1170.0,1095.0,13.3,358.0
1115.0,1036.0,11.6,289.0
1130.0,1026.0,11.3,359.0
1195.0,1013.0,11.0,355.0
1111.0,887.0,7.7,244.0
1092.0,855.0,7.0,194.0
1111.0,856.0,7.0,176.0
992.0,731.0,4.4,170.0
1051.0,815.0,6.1,180.0
1080.0,896.0,7.9,212.0
893.0,655.0,3.1,146.0
923.0,664.0,3.2,177.0
950.0,713.0,4.0,172.0
947.0,666.0,3.2,159.0
973.0,712.0,4.0,184.0
1111.0,884.0,7.6,310.0
1206.0,969.0,9.8,363.0
1202.0,958.0,9.5,302.0
1261.0,1022.0,11.2,424.0
1102.0,855.0,6.9,258.0
997.0,742.0,4.6,179.0
1049.0,790.0,5.5,221.0
1082.0,834.0,6.5,303.0
1177.0,987.0,10.3,429.0
1166.0,935.0,8.9,357.0
1352.0,1118.0,14.0,438.0
1210.0,947.0,9.2,457.0
1161.0,909.0,8.2,355.0
1142.0,866.0,7.2,348.0
1054.0,789.0,5.5,241.0
926.0,649.0,2.9,134.0
873.0,583.0,2.0,94.0
832.0,518.0,1.2,180.0
803.0,466.0,0.7,33.0
818.0,463.0,0.7,33.0
814.0,482.0,0.8,57.0
832.0,530.0,1.3,112.0
1091.0,882.0,7.6,358.0
1019.0,874.0,7.4,287.0
937.0,750.0,4.7,263.0
950.0,786.0,5.4,282.0
962.0,785.0,5.4,286.0
969.0,812.0,6.0,259.0
1010.0,863.0,7.1,265.0
946.0,780.0,5.3,249.0
988.0,865.0,7.2,268.0
948.0,799.0,5.7,226.0
1045.0,960.0,9.5,301.0
1114.0,1057.0,12.2,388.0
1006.0,987.0,10.3,285.0
889.0,738.0,4.5,197.0
792.0,583.0,2.0,105.0
808.0,572.0,1.8,88.0
814.0,574.0,1.9,92.0
827.0,636.0,2.7,88.0
801.0,633.0,2.7,90.0
770.0,600.0,2.2,180.0
721.0,470.0,0.7,42.0
709.0,437.0,0.5,31.0
734.0,478.0,0.8,51.0
770.0,533.0,1.4,100.0
919.0,795.0,5.6,315.0
996.0,998.0,10.6,417.0
925.0,866.0,7.2,328.0
883.0,821.0,6.2,304.0
884.0,822.0,6.2,300.0
920.0,903.0,8.1,306.0
941.0,941.0,9.0,342.0
934.0,914.0,8.4,324.0
929.0,928.0,8.7,327.0
972.0,1043.0,11.8,404.0
1073.0,1195.0,16.5,575.0
1050.0,1260.0,18.7,539.0
980.0,1132.0,14.5,460.0
872.0,900.0,8.0,386.0
802.0,743.0,4.6,202.0
792.0,674.0,3.4,162.0
857.0,753.0,4.8,261.0
856.0,734.0,4.4,263.0
869.0,702.0,3.8,159.0
890.0,688.0,3.6,180.0
834.0,632.0,2.7,111.0
860.0,616.0,2.4,104.0
909.0,728.0,4.3,221.0
955.0,772.0,5.2,243.0
1035.0,914.0,8.4,356.0
1087.0,1121.0,14.1,429.0
1101.0,1083.0,13.0,518.0
1135.0,1100.0,13.5,460.0
1095.0,1067.0,12.5,389.0
986.0,931.0,8.8,362.0
991.0,940.0,9.0,337.0
926.0,815.0,6.1,254.0
974.0,891.0,7.8,281.0
1042.0,1031.0,11.5,369.0
1006.0,1005.0,10.7,350.0
979.0,946.0,9.2,323.0
1072.0,1011.0,10.9,340.0
1217.0,1037.0,11.6,443.0
1124.0,939.0,9.0,292.0
1152.0,1036.0,11.6,372.0
1216.0,1039.0,11.7,443.0
1095.0,1024.0,11.3,360.0
1099.0,994.0,10.4,401.0
974.0,832.0,6.4,180.0
1091.0,971.0,9.8,273.0
955.0,804.0,5.8,199.0
975.0,859.0,7.0,177.0
909.0,709.0,4.0,206.0
992.0,853.0,6.9,323.0
1018.0,889.0,7.7,392.0
1100.0,974.0,9.9,420.0
1101.0,934.0,8.9,333.0
1148.0,1025.0,11.3,395.0
1253.0,1108.0,13.7,478.0
1229.0,1075.0,12.7,470.0
1250.0,1133.0,14.5,508.0
1432.0,1251.0,18.4,596.0
1530.0,1352.0,22.0,694.0
1604.0,1438.0,25.4,968.0
1352.0,1191.0,16.4,658.0
1235.0,1065.0,12.4,409.0
1127.0,962.0,9.6,345.0
1073.0,860.0,7.1,230.0
1074.0,867.0,7.2,285.0
1133.0,951.0,9.3,310.0
1021.0,808.0,5.9,224.0
995.0,807.0,5.9,213.0
882.0,614.0,2.4,180.0
869.0,594.0,2.1,103.0
868.0,567.0,1.8,91.0
921.0,655.0,3.1,178.0
1041.0,846.0,6.8,351.0
1275.0,1193.0,16.4,587.0
1238.0,1202.0,16.7,475.0
1288.0,1220.0,17.3,576.0
1422.0,1362.0,22.4,920.0
1293.0,1236.0,17.9,710.0
1410.0,1363.0,22.4,696.0
1425.0,1386.0,23.3,744.0
1590.0,1503.0,28.0,743.0
1520.0,1552.0,30.1,801.0
1595.0,1628.0,33.4,1014.0
1881.0,1983.0,50.8,1479.0
1633.0,1677.0,35.6,1018.0
1391.0,1338.0,21.5,729.0
1263.0,1164.0,15.5,508.0
1147.0,1012.0,10.9,347.0
1103.0,928.0,8.7,327.0
1071.0,873.0,7.4,339.0
1137.0,975.0,9.9,358.0
1066.0,907.0,8.2,377.0
918.0,704.0,3.9,180.0
895.0,663.0,3.2,165.0
885.0,655.0,3.0,145.0
964.0,784.0,5.4,282.0
1088.0,927.0,8.7,494.0
1274.0,1160.0,15.4,606.0
1406.0,1483.0,27.2,581.0
1521.0,1568.0,30.7,920.0
1408.0,1412.0,24.3,811.0
1377.0,1342.0,21.7,786.0
1470.0,1450.0,25.8,677.0
1416.0,1346.0,21.8,612.0
1383.0,1314.0,20.6,524.0
1574.0,1483.0,27.2,775.0
1063.0,909.0,8.2,1159.0
1063.0,909.0,8.2,1310.0
1063.0,909.0,8.2,1037.0
1063.0,909.0,8.2,791.0
1063.0,909.0,8.2,670.0
1063.0,909.0,8.2,341.0
1063.0,909.0,8.2,365.0
1063.0,909.0,8.2,510.0
1063.0,909.0,8.2,352.0
1063.0,909.0,8.2,299.0
1063.0,909.0,8.2,180.0
1063.0,909.0,8.2,103.0
1063.0,909.0,8.2,133.0
1063.0,909.0,8.2,244.0
1063.0,909.0,8.2,222.0
1063.0,909.0,8.2,591.0
1063.0,909.0,8.2,821.0
1063.0,909.0,8.2,803.0
1063.0,909.0,8.2,809.0
1063.0,909.0,8.2,836.0
1063.0,909.0,8.2,820.0
1063.0,909.0,8.2,861.0
1063.0,909.0,8.2,842.0
1063.0,909.0,8.2,933.0
1063.0,909.0,8.2,1237.0
1063.0,909.0,8.2,1137.0
1063.0,909.0,8.2,484.0
1063.0,909.0,8.2,325.0
1063.0,909.0,8.2,292.0
1063.0,909.0,8.2,303.0
1063.0,909.0,8.2,242.0
1063.0,909.0,8.2,314.0
1063.0,909.0,8.2,289.0
1063.0,909.0,8.2,224.0
1063.0,909.0,8.2,180.0
1063.0,909.0,8.2,191.0
1063.0,909.0,8.2,149.0
1063.0,909.0,8.2,212.0
1063.0,909.0,8.2,398.0
1063.0,909.0,8.2,763.0
1063.0,909.0,8.2,905.0
1063.0,909.0,8.2,849.0
1063.0,909.0,8.2,1015.0
1063.0,909.0,8.2,845.0
1063.0,909.0,8.2,740.0
1063.0,909.0,8.2,1018.0
1063.0,909.0,8.2,1058.0
1063.0,909.0,8.2,1182.0
1063.0,909.0,8.2,1089.0
1063.0,909.0,8.2,1186.0
1063.0,909.0,8.2,1235.0
1063.0,909.0,8.2,1253.0
1063.0,909.0,8.2,1237.0
1063.0,909.0,8.2,1060.0
1063.0,909.0,8.2,873.0
1063.0,909.0,8.2,807.0
1063.0,909.0,8.2,798.0
1063.0,909.0,8.2,691.0
1063.0,909.0,8.2,180.0
1063.0,909.0,8.2,433.0
1063.0,909.0,8.2,371.0
1063.0,909.0,8.2,469.0
1063.0,909.0,8.2,658.0
1063.0,909.0,8.2,854.0
1063.0,909.0,8.2,1005.0
1063.0,909.0,8.2,937.0
1063.0,909.0,8.2,963.0
1063.0,909.0,8.2,635.0
1063.0,909.0,8.2,521.0
1063.0,909.0,8.2,613.0
1063.0,909.0,8.2,516.0
1063.0,909.0,8.2,446.0
1063.0,909.0,8.2,499.0
1063.0,909.0,8.2,407.0
1063.0,909.0,8.2,418.0
1325.0,1191.0,16.4,403.0
1316.0,1099.0,13.4,412.0
1170.0,906.0,8.2,322.0
1061.0,800.0,5.7,200.0
1109.0,855.0,7.0,244.0
1025.0,794.0,5.6,199.0
1086.0,769.0,5.1,190.0
1058.0,727.0,4.3,180.0
1034.0,719.0,4.2,153.0
1065.0,816.0,6.1,215.0
988.0,774.0,5.2,206.0
986.0,785.0,5.4,225.0
1136.0,1015.0,11.0,416.0
1256.0,1184.0,16.1,613.0
1228.0,1170.0,15.7,567.0
956.0,931.0,8.8,409.0
781.0,704.0,3.9,183.0
759.0,699.0,3.8,140.0
722.0,671.0,3.3,133.0
699.0,613.0,2.4,115.0
755.0,690.0,3.6,157.0
746.0,684.0,3.5,149.0
784.0,744.0,4.6,219.0
931.0,972.0,9.9,424.0
1112.0,1267.0,19.0,659.0
1133.0,1215.0,17.2,727.0
886.0,917.0,8.4,398.0
993.0,1030.0,11.4,414.0
1215.0,1167.0,15.6,600.0
1160.0,1083.0,13.0,596.0
928.0,819.0,6.2,225.0
879.0,722.0,4.2,180.0
833.0,632.0,2.7,120.0
840.0,649.0,3.0,126.0
848.0,612.0,2.4,83.0
828.0,660.0,3.1,156.0
847.0,698.0,3.8,240.0
868.0,665.0,3.2,186.0
970.0,819.0,6.2,224.0
1077.0,963.0,9.6,386.0
1058.0,962.0,9.6,397.0
1136.0,1067.0,12.5,477.0
1228.0,1068.0,12.5,405.0
1235.0,1118.0,14.0,453.0
1217.0,1036.0,11.6,459.0
1298.0,1082.0,13.0,452.0
1327.0,1219.0,17.3,579.0
1293.0,1136.0,14.6,542.0
1353.0,1187.0,16.2,601.0
1254.0,1111.0,13.8,521.0
1189.0,999.0,10.6,411.0
1183.0,944.0,9.1,382.0
1185.0,966.0,9.7,421.0
1098.0,859.0,7.0,362.0
938.0,639.0,2.8,104.0
883.0,583.0,2.0,180.0
839.0,536.0,1.4,69.0
784.0,479.0,0.8,41.0
779.0,466.0,0.7,46.0
883.0,625.0,2.6,118.0
970.0,776.0,5.3,295.0
1012.0,861.0,7.1,311.0
934.0,766.0,5.0,269.0
888.0,700.0,3.8,225.0
918.0,737.0,4.5,220.0
901.0,747.0,4.7,216.0
857.0,708.0,3.9,162.0
838.0,699.0,3.8,152.0
869.0,772.0,5.2,183.0
928.0,850.0,6.8,254.0
1037.0,1047.0,11.9,355.0
980.0,1008.0,10.8,341.0
978.0,1031.0,11.5,341.0
891.0,882.0,7.6,342.0
762.0,657.0,3.1,186.0
794.0,687.0,3.6,170.0
799.0,690.0,3.6,169.0
818.0,725.0,4.3,246.0
691.0,471.0,0.7,63.0
697.0,455.0,0.6,180.0
697.0,437.0,0.5,44.0
716.0,473.0,0.7,54.0
791.0,598.0,2.2,176.0
804.0,630.0,2.6,236.0
1093.0,1098.0,13.4,613.0
1179.0,1390.0,23.5,755.0
951.0,953.0,9.4,460.0
882.0,826.0,6.3,280.0
897.0,845.0,6.7,322.0
949.0,965.0,9.7,349.0
896.0,891.0,7.8,297.0
908.0,886.0,7.7,353.0
959.0,924.0,8.6,316.0
994.0,1005.0,10.7,348.0
1081.0,1202.0,16.7,445.0
1081.0,1164.0,15.5,457.0
1175.0,1248.0,18.3,516.0
1123.0,1110.0,13.8,575.0
1032.0,952.0,9.3,449.0
927.0,805.0,5.8,289.0
952.0,838.0,6.6,268.0
987.0,883.0,7.6,343.0
902.0,761.0,5.0,222.0
833.0,648.0,2.9,180.0
776.0,525.0,1.3,87.0
812.0,541.0,1.5,89.0
821.0,563.0,1.7,103.0
932.0,701.0,3.8,254.0
1069.0,931.0,8.8,481.0
1137.0,1066.0,12.5,638.0
1009.0,926.0,8.7,492.0
962.0,877.0,7.5,413.0
972.0,909.0,8.2,364.0
968.0,920.0,8.5,299.0
939.0,902.0,8.1,342.0
901.0,843.0,6.7,309.0
975.0,938.0,9.0,367.0
1028.0,1025.0,11.3,357.0
998.0,972.0,9.9,345.0
1094.0,1105.0,13.6,483.0
1128.0,1161.0,15.4,480.0
1111.0,1030.0,11.4,427.0
1121.0,1023.0,11.2,504.0
956.0,796.0,5.7,248.0
973.0,785.0,5.4,241.0
952.0,790.0,5.5,210.0
969.0,773.0,5.2,292.0
919.0,693.0,3.7,180.0
874.0,657.0,3.1,129.0
806.0,554.0,1.6,106.0
874.0,623.0,2.5,125.0
961.0,779.0,5.3,267.0
1195.0,1096.0,13.4,543.0
1184.0,1148.0,15.0,496.0
1135.0,1076.0,12.8,491.0
1211.0,1177.0,15.9,667.0
1228.0,1178.0,15.9,693.0
1247.0,1188.0,16.3,707.0
1336.0,1256.0,18.6,777.0
1205.0,1079.0,12.8,512.0
1305.0,1238.0,17.9,587.0
1568.0,1528.0,29.0,864.0
1630.0,1622.0,33.1,1089.0
1704.0,1689.0,36.1,1070.0
1701.0,1692.0,36.3,1220.0
1564.0,1462.0,26.3,1076.0
1441.0,1314.0,20.6,825.0
1376.0,1209.0,17.0,740.0
1412.0,1216.0,17.2,759.0
1352.0,1137.0,14.6,610.0
1285.0,1052.0,12.1,465.0
1263.0,997.0,10.5,180.0
1200.0,929.0,8.7,288.0
1187.0,931.0,8.8,251.0
1166.0,909.0,8.2,351.0
1209.0,958.0,9.5,379.0
1349.0,1136.0,14.6,539.0
1458.0,1307.0,20.4,706.0
1462.0,1263.0,18.8,750.0
1448.0,1263.0,18.8,747.0
1419.0,1254.0,18.5,670.0
1561.0,1425.0,24.8,772.0
1558.0,1375.0,22.9,792.0
1438.0,1208.0,16.9,626.0
1532.0,1356.0,22.2,678.0
1522.0,1337.0,21.5,706.0
1514.0,1338.0,21.5,668.0
1063.0,909.0,8.2,641.0
1063.0,909.0,8.2,649.0
1063.0,909.0,8.2,521.0
1063.0,909.0,8.2,487.0
1063.0,909.0,8.2,453.0
1505.0,1168.0,15.6,567.0
1458.0,1123.0,14.2,527.0
1431.0,1100.0,13.5,503.0
1366.0,1027.0,11.4,180.0
1332.0,997.0,10.5,345.0
1243.0,924.0,8.6,274.0
1251.0,924.0,8.6,231.0
1259.0,944.0,9.1,268.0
1268.0,926.0,8.6,281.0
1288.0,956.0,9.4,340.0
1410.0,1015.0,11.0,406.0
1374.0,999.0,10.6,379.0
1458.0,1090.0,13.2,436.0
1609.0,1243.0,18.1,602.0
1424.0,1090.0,13.2,507.0
1331.0,966.0,9.7,266.0
1434.0,1093.0,13.3,335.0
1542.0,1161.0,15.4,464.0
1651.0,1234.0,17.8,527.0
1633.0,1240.0,18.0,592.0
1739.0,1333.0,21.3,821.0
1523.0,1132.0,14.5,538.0
1543.0,1174.0,15.8,513.0
1469.0,1086.0,13.1,514.0
1271.0,886.0,7.7,345.0
1161.0,810.0,6.0,231.0
1053.0,680.0,3.5,166.0
916.0,541.0,1.5,180.0
900.0,522.0,1.2,61.0
855.0,479.0,0.8,49.0
848.0,464.0,0.7,54.0
873.0,485.0,0.9,78.0
945.0,569.0,1.8,136.0
1003.0,618.0,2.5,198.0
1041.0,659.0,3.1,211.0
1036.0,685.0,3.5,183.0
1124.0,799.0,5.7,277.0
1130.0,803.0,5.8,267.0
991.0,632.0,2.7,123.0
988.0,596.0,2.2,68.0
1163.0,801.0,5.8,186.0
1226.0,853.0,6.9,321.0
1286.0,942.0,9.1,343.0
1423.0,1116.0,14.0,550.0
1408.0,1088.0,13.1,598.0
1178.0,866.0,7.2,390.0
985.0,701.0,3.8,159.0
1113.0,776.0,5.2,193.0
1178.0,873.0,7.4,316.0
1024.0,705.0,3.9,199.0
954.0,630.0,2.7,134.0
875.0,548.0,1.5,180.0
877.0,526.0,1.3,63.0
826.0,465.0,0.7,50.0
862.0,535.0,1.4,93.0
938.0,653.0,3.0,161.0
1205.0,943.0,9.1,368.0
1171.0,978.0,10.0,344.0
1131.0,926.0,8.6,288.0
1074.0,832.0,6.4,244.0
1062.0,822.0,6.2,224.0
1045.0,800.0,5.7,206.0
1034.0,763.0,5.0,163.0
1186.0,899.0,8.0,296.0
1256.0,996.0,10.5,386.0
1138.0,854.0,6.9,262.0
1138.0,891.0,7.8,212.0
1114.0,899.0,8.0,245.0
1107.0,905.0,8.1,263.0
1117.0,876.0,7.5,300.0
1090.0,812.0,6.0,242.0
954.0,665.0,3.2,152.0
987.0,715.0,4.1,165.0
969.0,659.0,3.1,180.0
939.0,648.0,2.9,180.0
961.0,654.0,3.0,180.0
916.0,623.0,2.5,180.0
835.0,484.0,0.9,180.0
885.0,572.0,1.8,180.0
1088.0,839.0,6.6,180.0
1358.0,1158.0,15.3,180.0
1456.0,1389.0,23.4,180.0
1274.0,1159.0,15.3,180.0
1092.0,946.0,9.2,180.0
1111.0,993.0,10.4,180.0
1177.0,1143.0,14.8,180.0
1199.0,1138.0,14.6,180.0
1121.0,1003.0,10.7,180.0
1252.0,1164.0,15.5,180.0
1233.0,1144.0,14.9,180.0
1215.0,1063.0,12.4,180.0
1193.0,1020.0,11.2,180.0
1195.0,1026.0,11.3,180.0
1301.0,1080.0,12.9,180.0
1126.0,828.0,6.4,180.0
1013.0,687.0,3.6,180.0
982.0,645.0,2.9,180.0
970.0,642.0,2.8,180.0
959.0,637.0,2.8,180.0
925.0,598.0,2.2,180.0
847.0,502.0,1.0,180.0
885.0,534.0,1.4,180.0
883.0,549.0,1.6,180.0
892.0,587.0,2.0,180.0
970.0,678.0,3.4,180.0
904.0,644.0,2.9,180.0
919.0,652.0,3.0,180.0
929.0,668.0,3.3,180.0
938.0,729.0,4.3,180.0
971.0,786.0,5.5,180.0
914.0,739.0,4.5,180.0
892.0,719.0,4.1,180.0
913.0,735.0,4.5,180.0
928.0,759.0,4.9,180.0
1035.0,941.0,9.0,180.0
1033.0,939.0,9.0,180.0
990.0,865.0,7.2,180.0
934.0,750.0,4.7,180.0
881.0,670.0,3.3,180.0
855.0,631.0,2.7,180.0
832.0,598.0,2.2,180.0
848.0,639.0,2.8,180.0
806.0,567.0,1.8,180.0
796.0,545.0,1.5,180.0
777.0,493.0,0.9,180.0
785.0,505.0,1.1,180.0
766.0,470.0,0.7,180.0
808.0,534.0,1.4,180.0
975.0,822.0,6.2,180.0
943.0,816.0,6.1,180.0
886.0,764.0,5.0,180.0
861.0,716.0,4.1,180.0
881.0,734.0,4.4,180.0
855.0,741.0,4.6,180.0
855.0,725.0,4.3,180.0
844.0,689.0,3.6,180.0
900.0,794.0,5.6,180.0
883.0,751.0,4.8,180.0
994.0,903.0,8.1,180.0
927.0,774.0,5.2,180.0
1078.0,987.0,10.2,180.0
952.0,788.0,5.5,180.0
882.0,660.0,3.1,180.0
924.0,724.0,4.2,180.0
987.0,823.0,6.2,180.0
930.0,752.0,4.8,180.0
861.0,654.0,3.0,180.0
783.0,522.0,1.2,180.0
744.0,431.0,0.4,180.0
753.0,426.0,0.4,180.0
787.0,452.0,0.6,180.0
820.0,506.0,1.1,180.0
840.0,552.0,1.6,180.0
897.0,656.0,3.1,180.0
989.0,793.0,5.6,180.0
909.0,737.0,4.5,180.0
865.0,697.0,3.8,180.0
924.0,821.0,6.2,180.0
912.0,794.0,5.6,180.0
872.0,717.0,4.1,180.0
917.0,794.0,5.6,180.0
962.0,883.0,7.6,180.0
932.0,817.0,6.1,180.0
930.0,781.0,5.3,180.0
962.0,780.0,5.3,180.0
974.0,790.0,5.5,180.0
1055.0,791.0,5.6,180.0
1003.0,744.0,4.6,180.0
1046.0,724.0,4.2,180.0
1275.0,930.0,8.8,215.0
1173.0,878.0,7.5,300.0
1163.0,881.0,7.6,180.0
1054.0,791.0,5.6,253.0
1004.0,753.0,4.8,181.0
1001.0,777.0,5.3,171.0
974.0,736.0,4.5,168.0
915.0,653.0,3.0,169.0
939.0,649.0,3.0,145.0
973.0,748.0,4.7,190.0
1011.0,782.0,5.4,225.0
1097.0,875.0,7.4,261.0
1149.0,914.0,8.4,382.0
1117.0,934.0,8.9,357.0
1085.0,896.0,7.9,299.0
1102.0,885.0,7.7,313.0
1281.0,1053.0,12.1,510.0
1472.0,1198.0,16.6,832.0
1328.0,1029.0,11.4,622.0
1198.0,897.0,7.9,402.0
1176.0,905.0,8.1,334.0
1118.0,830.0,6.4,295.0
1091.0,773.0,5.2,222.0
1078.0,775.0,5.2,230.0
1043.0,726.0,4.3,195.0
992.0,685.0,3.6,167.0
1004.0,739.0,4.5,180.0
947.0,673.0,3.3,148.0
923.0,634.0,2.7,123.0
911.0,613.0,2.4,148.0
924.0,629.0,2.6,143.0
954.0,674.0,3.4,180.0
960.0,704.0,3.9,226.0
1016.0,760.0,4.9,254.0
1139.0,879.0,7.5,372.0
1130.0,860.0,7.1,379.0
1237.0,962.0,9.6,478.0
1159.0,837.0,6.5,344.0
1124.0,790.0,5.5,258.0
1312.0,998.0,10.5,474.0
1246.0,936.0,8.9,438.0
1232.0,931.0,8.8,451.0
1286.0,996.0,10.5,473.0
1347.0,1084.0,13.0,560.0
1063.0,909.0,8.2,470.0
1063.0,909.0,8.2,506.0
1063.0,909.0,8.2,482.0
1063.0,909.0,8.2,436.0
1063.0,909.0,8.2,472.0
1063.0,909.0,8.2,379.0
1063.0,909.0,8.2,180.0
1063.0,909.0,8.2,286.0
1063.0,909.0,8.2,155.0
1063.0,909.0,8.2,264.0
1063.0,909.0,8.2,366.0
1063.0,909.0,8.2,622.0
1063.0,909.0,8.2,551.0
1063.0,909.0,8.2,349.0
1063.0,909.0,8.2,285.0
1063.0,909.0,8.2,265.0
1063.0,909.0,8.2,222.0
1063.0,909.0,8.2,237.0
1063.0,909.0,8.2,294.0
1063.0,909.0,8.2,329.0
1063.0,909.0,8.2,487.0
1063.0,909.0,8.2,604.0
1063.0,909.0,8.2,728.0
1063.0,909.0,8.2,653.0
1063.0,909.0,8.2,509.0
1063.0,909.0,8.2,277.0
1063.0,909.0,8.2,268.0
1063.0,909.0,8.2,193.0
1063.0,909.0,8.2,167.0
1063.0,909.0,8.2,159.0
1063.0,909.0,8.2,180.0
1063.0,909.0,8.2,89.0
1063.0,909.0,8.2,97.0
1063.0,909.0,8.2,182.0
1063.0,909.0,8.2,262.0
1063.0,909.0,8.2,561.0
1063.0,909.0,8.2,540.0
1063.0,909.0,8.2,480.0
1063.0,909.0,8.2,608.0
1063.0,909.0,8.2,584.0
1063.0,909.0,8.2,426.0
1063.0,909.0,8.2,397.0
1063.0,909.0,8.2,473.0
1063.0,909.0,8.2,369.0
1063.0,909.0,8.2,532.0
1063.0,909.0,8.2,498.0
1063.0,909.0,8.2,487.0
1063.0,909.0,8.2,629.0
1063.0,909.0,8.2,502.0
1063.0,909.0,8.2,381.0
1063.0,909.0,8.2,250.0
1063.0,909.0,8.2,266.0
1135.0,792.0,5.6,226.0
1188.0,901.0,8.1,259.0
1242.0,921.0,8.5,180.0
1219.0,889.0,7.7,260.0
1187.0,850.0,6.8,242.0
1225.0,904.0,8.1,267.0
1333.0,1019.0,11.1,411.0
1489.0,1193.0,16.4,670.0
1596.0,1341.0,21.6,830.0
1585.0,1277.0,19.3,845.0
1674.0,1376.0,22.9,992.0
1741.0,1438.0,25.3,1130.0
1680.0,1434.0,25.2,977.0
1295.0,1090.0,13.2,459.0
1288.0,1112.0,13.9,346.0
1281.0,1111.0,13.8,383.0
1310.0,1099.0,13.5,414.0
1276.0,1099.0,13.5,370.0
1312.0,1148.0,15.0,400.0
1332.0,1146.0,14.9,378.0
1248.0,1046.0,11.9,357.0
1182.0,947.0,9.2,333.0
1059.0,810.0,6.0,227.0
1056.0,795.0,5.6,203.0
1064.0,785.0,5.4,210.0
1059.0,783.0,5.4,198.0
991.0,681.0,3.5,180.0
950.0,622.0,2.5,89.0
1005.0,679.0,3.4,89.0
939.0,568.0,1.8,101.0
961.0,629.0,2.6,104.0
1017.0,712.0,4.0,192.0
1108.0,823.0,6.2,237.0
1122.0,803.0,5.8,211.0
1099.0,826.0,6.3,230.0
1124.0,805.0,5.9,240.0
1186.0,921.0,8.5,295.0
1096.0,819.0,6.2,243.0
1120.0,829.0,6.4,196.0
1185.0,893.0,7.9,237.0
1173.0,885.0,7.7,274.0
1221.0,935.0,8.9,352.0
1330.0,1063.0,12.4,488.0
1325.0,1027.0,11.3,426.0
1195.0,915.0,8.4,376.0
1150.0,869.0,7.3,237.0
1145.0,806.0,5.9,199.0
1041.0,729.0,4.3,164.0
1032.0,687.0,3.6,142.0
1010.0,661.0,3.1,142.0
951.0,620.0,2.5,180.0
944.0,617.0,2.5,127.0
862.0,540.0,1.4,73.0
909.0,567.0,1.8,100.0
965.0,659.0,3.1,126.0
1102.0,884.0,7.6,284.0
1226.0,1157.0,15.3,419.0
1132.0,950.0,9.3,432.0
1183.0,1013.0,11.0,310.0
1211.0,998.0,10.6,446.0
1253.0,1030.0,11.4,464.0
1311.0,1088.0,13.1,505.0
1341.0,1142.0,14.8,564.0
1432.0,1195.0,16.5,625.0
1404.0,1195.0,16.5,590.0
1493.0,1337.0,21.5,712.0
1478.0,1357.0,22.2,723.0
1411.0,1311.0,20.5,707.0
1387.0,1231.0,17.7,737.0
1306.0,1161.0,15.4,646.0
1232.0,1035.0,11.6,536.0
1277.0,1085.0,13.0,567.0
1063.0,843.0,6.7,357.0
991.0,744.0,4.6,187.0
989.0,701.0,3.8,180.0
972.0,674.0,3.4,169.0
973.0,675.0,3.4,184.0
985.0,691.0,3.6,205.0
1020.0,736.0,4.5,213.0
1192.0,978.0,10.0,415.0
1325.0,1140.0,14.7,583.0
1219.0,1026.0,11.3,462.0
1195.0,992.0,10.4,387.0
1230.0,1020.0,11.2,414.0
1312.0,1087.0,13.1,440.0
1387.0,1127.0,14.3,516.0
1375.0,1076.0,12.8,495.0
1532.0,1265.0,18.9,643.0
1531.0,1235.0,17.9,725.0
1479.0,1196.0,16.5,683.0
1521.0,1208.0,16.9,681.0
1616.0,1363.0,22.4,833.0
1371.0,1105.0,13.6,514.0
1198.0,943.0,9.1,371.0
1102.0,813.0,6.0,213.0
1120.0,826.0,6.3,242.0
1093.0,789.0,5.5,241.0
1112.0,791.0,5.6,218.0
986.0,674.0,3.4,180.0
934.0,609.0,2.3,70.0
919.0,571.0,1.8,54.0
929.0,556.0,1.6,60.0
919.0,552.0,1.6,55.0
944.0,586.0,2.0,93.0
943.0,580.0,1.9,81.0
1036.0,683.0,3.5,109.0
1168.0,797.0,5.7,251.0
1232.0,903.0,8.1,284.0
1236.0,901.0,8.1,262.0
1278.0,1070.0,12.6,256.0
1369.0,1242.0,18.1,310.0
1182.0,929.0,8.7,269.0
1210.0,933.0,8.8,348.0
1316.0,1121.0,14.1,396.0
1221.0,952.0,9.3,432.0
1260.0,1034.0,11.6,419.0
1231.0,962.0,9.6,412.0
1115.0,804.0,5.8,223.0
1180.0,877.0,7.5,242.0
1174.0,873.0,7.4,288.0
1178.0,876.0,7.4,209.0
1052.0,704.0,3.9,141.0
998.0,591.0,2.1,180.0
960.0,532.0,1.3,66.0
958.0,571.0,1.8,64.0
989.0,650.0,3.0,105.0
1162.0,843.0,6.7,303.0
1523.0,1324.0,21.0,620.0
1511.0,1334.0,21.4,590.0
1420.0,1183.0,16.1,592.0
1413.0,1193.0,16.4,698.0
1335.0,1141.0,14.8,482.0
1451.0,1298.0,20.1,575.0
1410.0,1276.0,19.3,548.0
1429.0,1277.0,19.3,498.0
1409.0,1223.0,17.4,479.0
1372.0,1210.0,17.0,420.0
1366.0,1213.0,17.1,378.0
1365.0,1192.0,16.4,340.0
1385.0,1218.0,17.3,399.0
1361.0,1137.0,14.6,449.0
1312.0,1047.0,11.9,374.0
1177.0,871.0,7.3,244.0
1205.0,888.0,7.7,256.0
1114.0,757.0,4.9,212.0
1047.0,708.0,3.9,146.0
982.0,592.0,2.1,180.0
992.0,644.0,2.9,96.0
977.0,629.0,2.6,106.0
1047.0,671.0,3.3,115.0
1126.0,775.0,5.2,236.0
1474.0,1268.0,19.0,583.0
1526.0,1466.0,26.5,662.0
1386.0,1158.0,15.3,528.0
1392.0,1166.0,15.6,549.0
1363.0,1192.0,16.4,531.0
1331.0,1184.0,16.1,493.0
1401.0,1261.0,18.8,527.0
1374.0,1239.0,18.0,487.0
1436.0,1299.0,20.1,581.0
1386.0,1228.0,17.6,531.0
1419.0,1277.0,19.3,495.0
1428.0,1288.0,19.7,487.0
1508.0,1416.0,24.5,596.0
1438.0,1251.0,18.4,595.0
1415.0,1197.0,16.6,559.0
1433.0,1186.0,16.2,586.0
1208.0,964.0,9.6,399.0
1280.0,1029.0,11.4,399.0
1174.0,942.0,9.1,381.0
1022.0,729.0,4.3,180.0
1002.0,722.0,4.2,162.0
1018.0,746.0,4.7,183.0
1095.0,868.0,7.3,357.0
1182.0,951.0,9.3,479.0
1478.0,1234.0,17.8,852.0
1515.0,1298.0,20.1,822.0
1488.0,1286.0,19.6,910.0
1383.0,1196.0,16.5,800.0
1383.0,1218.0,17.3,758.0
1337.0,1231.0,17.7,647.0
1243.0,1155.0,15.2,431.0
1304.0,1244.0,18.2,491.0
1284.0,1216.0,17.2,476.0
1303.0,1226.0,17.6,538.0
1461.0,1440.0,25.4,621.0
1517.0,1512.0,28.4,728.0
1526.0,1492.0,27.5,716.0
1495.0,1386.0,23.3,782.0
1333.0,1154.0,15.2,550.0
1216.0,1020.0,11.1,377.0
1232.0,1032.0,11.5,391.0
1181.0,985.0,10.2,433.0
1042.0,814.0,6.0,287.0
1027.0,824.0,6.3,180.0
915.0,695.0,3.7,192.0
891.0,666.0,3.2,161.0
937.0,694.0,3.7,194.0
1086.0,901.0,8.0,343.0
1326.0,1190.0,16.3,624.0
1469.0,1403.0,24.0,758.0
1321.0,1170.0,15.7,760.0
1396.0,1196.0,16.5,713.0
1270.0,1077.0,12.8,615.0
1189.0,1025.0,11.3,319.0
1227.0,1081.0,12.9,338.0
1266.0,1118.0,14.1,380.0
1277.0,1175.0,15.8,366.0
1438.0,1295.0,19.9,567.0
1523.0,1470.0,26.6,702.0
1384.0,1290.0,19.8,523.0
1283.0,1093.0,13.3,373.0
1304.0,1085.0,13.0,467.0
1126.0,880.0,7.5,260.0
1141.0,892.0,7.8,244.0
1183.0,930.0,8.8,317.0
1090.0,830.0,6.4,224.0
1032.0,736.0,4.5,176.0
940.0,691.0,3.6,180.0
981.0,721.0,4.2,103.0
1104.0,851.0,6.9,367.0
989.0,762.0,5.0,326.0
1079.0,869.0,7.3,374.0
1472.0,1418.0,24.5,756.0
1313.0,1206.0,16.9,690.0
1363.0,1229.0,17.7,754.0
1347.0,1212.0,17.1,750.0
1240.0,1140.0,14.7,590.0
1280.0,1222.0,17.4,525.0
1210.0,1151.0,15.1,406.0
1216.0,1134.0,14.5,360.0
1320.0,1207.0,16.9,448.0
1477.0,1412.0,24.3,733.0
1500.0,1458.0,26.1,847.0
1512.0,1463.0,26.4,765.0
1496.0,1447.0,25.7,715.0
1360.0,1246.0,18.2,716.0
1024.0,819.0,6.2,235.0
1094.0,845.0,6.7,198.0
1111.0,877.0,7.5,293.0
1097.0,878.0,7.5,356.0
1051.0,820.0,6.2,285.0
979.0,767.0,5.1,180.0
978.0,756.0,4.8,266.0
902.0,659.0,3.1,158.0
957.0,641.0,2.8,95.0
973.0,728.0,4.3,148.0
1074.0,967.0,9.7,337.0
1115.0,1012.0,10.9,453.0
1136.0,1001.0,10.6,497.0
1128.0,977.0,10.0,448.0
1196.0,1035.0,11.6,496.0
1267.0,1166.0,15.6,535.0
1355.0,1244.0,18.1,644.0
1194.0,1061.0,12.3,459.0
1188.0,1029.0,11.4,409.0
1279.0,1154.0,15.2,515.0
1361.0,1223.0,17.4,640.0
1474.0,1319.0,20.8,816.0
1235.0,1078.0,12.8,505.0
1289.0,1140.0,14.7,560.0
1124.0,910.0,8.3,389.0
1231.0,1017.0,11.1,492.0
1289.0,1104.0,13.6,531.0
1166.0,970.0,9.8,487.0
1062.0,884.0,7.6,293.0
1028.0,813.0,6.0,180.0
1003.0,807.0,5.9,219.0
929.0,721.0,4.2,198.0
951.0,737.0,4.5,166.0
1011.0,783.0,5.4,255.0
939.0,751.0,4.8,312.0
946.0,827.0,6.3,236.0
841.0,625.0,2.6,172.0
850.0,629.0,2.6,138.0
831.0,602.0,2.2,121.0
866.0,652.0,3.0,143.0
819.0,576.0,1.9,114.0
833.0,584.0,2.0,107.0
877.0,642.0,2.8,176.0
892.0,668.0,3.3,180.0
899.0,674.0,3.4,212.0
1008.0,861.0,7.1,331.0
1013.0,873.0,7.4,369.0
912.0,730.0,4.3,274.0
907.0,705.0,3.9,199.0
953.0,771.0,5.2,248.0
916.0,701.0,3.8,197.0
894.0,682.0,3.5,147.0
895.0,648.0,2.9,135.0
845.0,534.0,1.4,180.0
837.0,512.0,1.1,95.0
795.0,504.0,1.0,94.0
874.0,552.0,1.6,121.0
920.0,667.0,3.2,131.0
1257.0,1176.0,15.9,552.0
1222.0,1239.0,18.0,614.0
1196.0,1139.0,14.7,530.0
1214.0,1153.0,15.1,721.0
1149.0,1096.0,13.4,474.0
1166.0,1134.0,14.5,514.0
1170.0,1138.0,14.7,504.0
1176.0,1209.0,17.0,508.0
1147.0,1158.0,15.3,529.0
1294.0,1330.0,21.2,676.0
1683.0,1831.0,43.0,1216.0
1615.0,1712.0,37.2,1230.0
1256.0,1201.0,16.7,582.0
1205.0,1098.0,13.4,460.0
1087.0,926.0,8.7,340.0
1092.0,875.0,7.4,298.0
1039.0,845.0,6.7,300.0
1001.0,762.0,5.0,223.0
925.0,677.0,3.4,151.0
880.0,613.0,2.4,180.0
873.0,592.0,2.1,108.0
880.0,618.0,2.5,125.0
950.0,680.0,3.5,181.0
1039.0,855.0,6.9,341.0
1284.0,1204.0,16.8,552.0
1350.0,1305.0,20.3,839.0
1476.0,1428.0,25.0,1049.0
1342.0,1215.0,17.2,796.0
1488.0,1336.0,21.4,999.0
1557.0,1432.0,25.1,1022.0
1610.0,1502.0,28.0,1023.0
1583.0,1457.0,26.1,1065.0
1620.0,1420.0,24.7,1098.0
1605.0,1416.0,24.5,1099.0
1604.0,1496.0,27.7,939.0
1582.0,1455.0,26.0,875.0
1523.0,1342.0,21.7,745.0
1172.0,813.0,6.0,339.0
1021.0,670.0,3.3,135.0
1125.0,758.0,4.9,167.0
1197.0,840.0,6.6,232.0
1174.0,842.0,6.7,273.0
1106.0,733.0,4.4,165.0
873.0,549.0,1.5,180.0
828.0,506.0,1.1,75.0
830.0,492.0,0.9,53.0
840.0,515.0,1.2,72.0
909.0,622.0,2.5,130.0
1098.0,881.0,7.6,265.0
1036.0,868.0,7.3,314.0
912.0,692.0,3.7,194.0
873.0,618.0,2.5,180.0
889.0,634.0,2.7,181.0
965.0,742.0,4.6,193.0
1009.0,845.0,6.7,263.0
918.0,729.0,4.3,176.0
920.0,729.0,4.3,168.0
923.0,715.0,4.1,170.0
1021.0,883.0,7.6,234.0
998.0,858.0,7.0,256.0
1061.0,962.0,9.6,257.0
1016.0,892.0,7.8,317.0
859.0,611.0,2.4,135.0
945.0,707.0,3.9,159.0
937.0,715.0,4.1,186.0
876.0,618.0,2.5,102.0
831.0,530.0,1.3,75.0
828.0,514.0,1.2,180.0
810.0,470.0,0.7,41.0
822.0,493.0,0.9,50.0
898.0,646.0,2.9,189.0
909.0,636.0,2.7,182.0
1256.0,1130.0,14.4,636.0
1298.0,1217.0,17.2,704.0
1326.0,1223.0,17.4,854.0
1139.0,1031.0,11.5,652.0
1135.0,1047.0,11.9,529.0
1117.0,1071.0,12.6,438.0
1094.0,1128.0,14.3,438.0
982.0,990.0,10.3,378.0
1107.0,1134.0,14.5,482.0
1290.0,1349.0,21.9,709.0
1445.0,1516.0,28.5,796.0
1357.0,1330.0,21.2,605.0
1248.0,1179.0,16.0,472.0
1220.0,1085.0,13.0,411.0
1137.0,856.0,7.0,264.0
1102.0,829.0,6.4,217.0
1082.0,801.0,5.8,211.0
1053.0,795.0,5.6,179.0
1003.0,740.0,4.5,135.0
1019.0,744.0,4.6,180.0
1071.0,808.0,5.9,221.0
1118.0,841.0,6.6,284.0
1206.0,948.0,9.2,357.0
1256.0,1056.0,12.2,469.0
1501.0,1367.0,22.6,766.0
1578.0,1527.0,29.0,875.0
1427.0,1280.0,19.4,800.0
1440.0,1311.0,20.5,815.0
1522.0,1365.0,22.5,841.0
1517.0,1403.0,24.0,827.0
1300.0,1113.0,13.9,402.0
1401.0,1204.0,16.8,415.0
1551.0,1303.0,20.2,435.0
1411.0,1191.0,16.4,570.0
1434.0,1239.0,18.0,530.0
1489.0,1305.0,20.3,617.0
1835.0,1731.0,38.1,983.0
1804.0,1679.0,35.7,1200.0
1579.0,1345.0,21.8,1028.0
1508.0,1246.0,18.2,797.0
1535.0,1300.0,20.1,977.0
1395.0,1131.0,14.4,811.0
1392.0,1153.0,15.1,757.0
1326.0,1087.0,13.1,180.0
1297.0,1032.0,11.5,388.0
1331.0,1106.0,13.7,497.0
1288.0,1036.0,11.6,582.0
1322.0,1091.0,13.2,574.0
1390.0,1167.0,15.6,588.0
1443.0,1207.0,16.9,645.0
1496.0,1254.0,18.5,643.0
1439.0,1198.0,16.6,628.0
1432.0,1150.0,15.0,547.0
1398.0,1149.0,15.0,461.0
1380.0,1206.0,16.9,455.0
1022.0,857.0,7.0,244.0
973.0,806.0,5.9,202.0
951.0,862.0,7.1,256.0
987.0,925.0,8.6,310.0
1100.0,1057.0,12.2,391.0
1064.0,1072.0,12.6,444.0
1316.0,1327.0,21.1,794.0
1262.0,1208.0,16.9,716.0
1259.0,1152.0,15.1,565.0
1166.0,981.0,10.1,451.0
1066.0,880.0,7.5,313.0
1051.0,883.0,7.6,241.0
992.0,808.0,5.9,180.0
969.0,788.0,5.5,224.0
862.0,609.0,2.3,82.0
859.0,581.0,2.0,89.0
849.0,552.0,1.6,93.0
879.0,594.0,2.1,134.0
956.0,735.0,4.4,189.0
1039.0,828.0,6.4,292.0
1066.0,871.0,7.3,326.0
1124.0,927.0,8.7,397.0
1160.0,948.0,9.2,371.0
1110.0,896.0,7.9,305.0
1138.0,940.0,9.0,328.0
1095.0,857.0,7.0,281.0
1045.0,694.0,3.7,168.0
1078.0,727.0,4.3,183.0
1169.0,846.0,6.8,217.0
1174.0,926.0,8.7,245.0
1075.0,749.0,4.7,154.0
1044.0,685.0,3.5,141.0
1110.0,782.0,5.4,210.0
1086.0,733.0,4.4,140.0
1092.0,811.0,6.0,191.0
1127.0,884.0,7.6,248.0
881.0,578.0,1.9,180.0
831.0,498.0,1.0,50.0
791.0,459.0,0.6,43.0
836.0,520.0,1.2,86.0
907.0,644.0,2.9,152.0
1174.0,1018.0,11.1,341.0
1094.0,967.0,9.7,355.0
992.0,800.0,5.7,327.0
955.0,783.0,5.4,240.0
959.0,771.0,5.1,217.0
981.0,804.0,5.8,191.0
947.0,791.0,5.6,180.0
1023.0,898.0,8.0,256.0
1009.0,860.0,7.1,287.0
1007.0,884.0,7.6,278.0
1054.0,992.0,10.4,302.0
1018.0,934.0,8.9,259.0
976.0,870.0,7.3,221.0
872.0,689.0,3.6,142.0
805.0,559.0,1.7,93.0
800.0,541.0,1.5,71.0
785.0,504.0,1.0,66.0
757.0,459.0,0.6,49.0
751.0,424.0,0.4,29.0
766.0,412.0,0.3,180.0
759.0,399.0,0.2,19.0
758.0,388.0,0.2,20.0
761.0,383.0,0.1,39.0
762.0,434.0,0.4,77.0
869.0,646.0,2.9,180.0
938.0,785.0,5.4,243.0
951.0,769.0,5.1,236.0
892.0,702.0,3.8,297.0
876.0,703.0,3.9,235.0
872.0,686.0,3.6,186.0
893.0,722.0,4.2,196.0
879.0,687.0,3.6,167.0
896.0,689.0,3.6,211.0
909.0,706.0,3.9,194.0
958.0,758.0,4.9,206.0
984.0,803.0,5.8,211.0
991.0,814.0,6.1,197.0
881.0,638.0,2.8,139.0
853.0,616.0,2.4,113.0
804.0,546.0,1.5,81.0
788.0,514.0,1.1,63.0
788.0,487.0,0.9,55.0
763.0,428.0,0.4,31.0
771.0,410.0,0.3,180.0
747.0,390.0,0.2,20.0
744.0,383.0,0.1,17.0
774.0,441.0,0.5,42.0
800.0,492.0,0.9,90.0
896.0,668.0,3.3,227.0
913.0,733.0,4.4,250.0
871.0,638.0,2.8,219.0
872.0,662.0,3.2,211.0
858.0,634.0,2.7,189.0
876.0,683.0,3.5,180.0
900.0,751.0,4.8,197.0
864.0,678.0,3.4,198.0
902.0,721.0,4.2,203.0
916.0,720.0,4.2,188.0
1004.0,918.0,8.5,294.0
1024.0,945.0,9.2,302.0
1011.0,884.0,7.6,261.0
1006.0,822.0,6.2,232.0
913.0,645.0,2.9,154.0
905.0,620.0,2.5,120.0
872.0,628.0,2.6,117.0
843.0,597.0,2.2,108.0
863.0,622.0,2.5,97.0
791.0,480.0,0.8,180.0
769.0,412.0,0.3,28.0
778.0,417.0,0.3,27.0
801.0,470.0,0.7,81.0
827.0,533.0,1.4,129.0
1038.0,837.0,6.6,336.0
1040.0,917.0,8.4,335.0
980.0,790.0,5.5,318.0
912.0,683.0,3.5,201.0
887.0,649.0,3.0,166.0
922.0,716.0,4.1,192.0
928.0,748.0,4.7,198.0
921.0,736.0,4.5,198.0
905.0,747.0,4.7,223.0
906.0,769.0,5.1,224.0
981.0,886.0,7.7,266.0
1053.0,987.0,10.3,326.0
1086.0,1032.0,11.5,343.0
967.0,811.0,6.0,243.0
902.0,689.0,3.6,177.0
916.0,725.0,4.3,155.0
895.0,677.0,3.4,143.0
866.0,613.0,2.4,124.0
861.0,585.0,2.0,94.0
845.0,534.0,1.4,180.0
849.0,522.0,1.2,56.0
818.0,486.0,0.9,58.0
864.0,554.0,1.6,105.0
856.0,559.0,1.7,122.0
1024.0,823.0,6.2,274.0
1050.0,909.0,8.2,342.0
984.0,832.0,6.4,296.0
990.0,808.0,5.9,279.0
970.0,798.0,5.7,325.0
943.0,781.0,5.3,222.0
994.0,871.0,7.3,279.0
932.0,767.0,5.1,248.0
891.0,706.0,3.9,193.0
1063.0,909.0,8.2,256.0
1063.0,909.0,8.2,288.0
1063.0,909.0,8.2,300.0
1063.0,909.0,8.2,224.0
1063.0,909.0,8.2,219.0
1063.0,909.0,8.2,145.0
1063.0,909.0,8.2,115.0
1063.0,909.0,8.2,136.0
1063.0,909.0,8.2,107.0
793.0,480.0,0.8,70.0
790.0,455.0,0.6,180.0
776.0,445.0,0.5,37.0
766.0,448.0,0.5,33.0
774.0,458.0,0.6,43.0
801.0,494.0,0.9,73.0
847.0,586.0,2.0,125.0
874.0,641.0,2.8,154.0
879.0,642.0,2.8,140.0
888.0,652.0,3.0,150.0
873.0,610.0,2.4,139.0
877.0,618.0,2.5,135.0
893.0,653.0,3.0,152.0
866.0,602.0,2.2,121.0
873.0,629.0,2.6,122.0
911.0,676.0,3.4,167.0
908.0,653.0,3.0,165.0
907.0,657.0,3.1,190.0
925.0,678.0,3.4,176.0
920.0,649.0,2.9,196.0
865.0,561.0,1.7,103.0
867.0,553.0,1.6,91.0
900.0,604.0,2.3,119.0
901.0,599.0,2.2,147.0
863.0,560.0,1.7,101.0
884.0,599.0,2.2,180.0
873.0,565.0,1.8,102.0
806.0,459.0,0.6,55.0
801.0,454.0,0.6,51.0
790.0,431.0,0.4,53.0
805.0,465.0,0.7,74.0
843.0,520.0,1.2,113.0
849.0,537.0,1.4,107.0
872.0,583.0,2.0,101.0
890.0,585.0,2.0,129.0
874.0,552.0,1.6,126.0
863.0,553.0,1.6,132.0
840.0,566.0,1.8,101.0
845.0,569.0,1.8,128.0
888.0,625.0,2.6,170.0
845.0,582.0,2.0,174.0
880.0,641.0,2.8,215.0
917.0,708.0,3.9,248.0
927.0,715.0,4.1,247.0
868.0,615.0,2.4,154.0
932.0,685.0,3.5,186.0
971.0,741.0,4.6,231.0
891.0,650.0,3.0,174.0
806.0,495.0,1.0,68.0
787.0,446.0,0.5,180.0
791.0,435.0,0.4,39.0
787.0,415.0,0.3,39.0
814.0,449.0,0.6,54.0
844.0,538.0,1.4,158.0
1049.0,863.0,7.1,350.0
1201.0,1116.0,14.0,180.0
1293.0,1153.0,15.1,584.0
1121.0,1066.0,12.5,478.0
1112.0,1078.0,12.8,563.0
1060.0,1048.0,11.9,414.0
1056.0,1040.0,11.7,398.0
1131.0,1139.0,14.7,451.0
1162.0,1170.0,15.7,503.0
1283.0,1328.0,21.1,640.0
1414.0,1490.0,27.4,843.0
1486.0,1570.0,30.8,954.0
1523.0,1533.0,29.2,984.0
1283.0,1149.0,15.0,586.0
1109.0,863.0,7.1,360.0
1055.0,782.0,5.4,231.0
1038.0,756.0,4.8,200.0
996.0,698.0,3.8,153.0
995.0,680.0,3.5,135.0
1000.0,670.0,3.3,180.0
1042.0,688.0,3.6,196.0
1042.0,701.0,3.8,208.0
1024.0,724.0,4.2,241.0
1147.0,886.0,7.7,417.0
1496.0,1298.0,20.0,896.0
1541.0,1353.0,22.1,966.0
1491.0,1215.0,17.2,878.0
1533.0,1334.0,21.4,985.0
1507.0,1292.0,19.8,1017.0
1451.0,1264.0,18.8,683.0
1432.0,1264.0,18.8,660.0
1408.0,1202.0,16.7,492.0
1377.0,1129.0,14.4,497.0
1454.0,1190.0,16.3,562.0
1268.0,1128.0,14.4,539.0
1259.0,1211.0,17.0,502.0
1261.0,1143.0,14.8,452.0
1133.0,971.0,9.8,357.0
1054.0,818.0,6.1,289.0
1055.0,783.0,5.4,221.0
1059.0,747.0,4.7,204.0
1063.0,769.0,5.1,183.0
1135.0,854.0,6.9,222.0
1126.0,869.0,7.3,180.0
1058.0,753.0,4.8,210.0
1040.0,688.0,3.6,185.0
1069.0,737.0,4.5,257.0
1042.0,771.0,5.2,297.0
1322.0,1151.0,15.1,573.0
1549.0,1485.0,27.3,883.0
1416.0,1285.0,19.6,824.0
1337.0,1143.0,14.8,693.0
1281.0,1132.0,14.5,714.0
1037.0,981.0,10.1,388.0
1028.0,983.0,10.1,337.0
984.0,913.0,8.3,326.0
1010.0,940.0,9.0,329.0
1113.0,1096.0,13.4,465.0
1253.0,1284.0,19.5,612.0
1400.0,1499.0,27.8,759.0
1470.0,1584.0,31.4,771.0
1281.0,1168.0,15.6,655.0
1084.0,855.0,7.0,332.0
1097.0,892.0,7.8,287.0
1032.0,791.0,5.6,242.0
1046.0,812.0,6.0,242.0
975.0,707.0,3.9,192.0
932.0,642.0,2.8,180.0
926.0,623.0,2.6,134.0
932.0,645.0,2.9,142.0
937.0,640.0,2.8,194.0
996.0,724.0,4.2,216.0
1382.0,1202.0,16.7,728.0
1544.0,1530.0,29.1,975.0
1429.0,1317.0,20.7,947.0
1312.0,1164.0,15.5,790.0
1205.0,989.0,10.3,551.0
1322.0,1110.0,13.8,565.0
1301.0,1074.0,12.7,532.0
1280.0,1030.0,11.4,459.0
1256.0,986.0,10.2,407.0
1358.0,1128.0,14.3,434.0
1713.0,1605.0,32.4,980.0
1655.0,1527.0,29.0,966.0
1444.0,1227.0,17.6,646.0
1314.0,1069.0,12.6,471.0
1368.0,1164.0,15.5,528.0
1195.0,943.0,9.1,378.0
1083.0,828.0,6.4,235.0
1055.0,771.0,5.1,217.0
973.0,672.0,3.3,141.0
1039.0,777.0,5.3,180.0
949.0,657.0,3.1,158.0
920.0,601.0,2.2,87.0
989.0,703.0,3.9,194.0
1100.0,854.0,6.9,401.0
1411.0,1288.0,19.7,887.0
1328.0,1300.0,20.1,654.0
1308.0,1189.0,16.3,566.0
1280.0,1127.0,14.3,649.0
1056.0,857.0,7.0,309.0
1019.0,825.0,6.3,229.0
1084.0,923.0,8.6,312.0
998.0,841.0,6.6,276.0
987.0,816.0,6.1,236.0
1079.0,932.0,8.8,312.0
1096.0,954.0,9.4,345.0
1146.0,1043.0,11.8,386.0
1125.0,1025.0,11.3,356.0
1130.0,968.0,9.7,467.0
1017.0,805.0,5.8,287.0
1017.0,776.0,5.3,239.0
1041.0,778.0,5.3,266.0
1034.0,769.0,5.1,261.0
1009.0,751.0,4.8,223.0
1105.0,828.0,6.4,180.0
1084.0,859.0,7.0,272.0
989.0,731.0,4.4,226.0
1047.0,792.0,5.6,250.0
1091.0,868.0,7.3,402.0
1263.0,1074.0,12.7,708.0
1165.0,1024.0,11.3,759.0
966.0,760.0,4.9,302.0
927.0,702.0,3.8,210.0
909.0,678.0,3.4,180.0
941.0,723.0,4.2,165.0
903.0,696.0,3.7,180.0
891.0,668.0,3.3,147.0
904.0,674.0,3.4,177.0
900.0,659.0,3.1,157.0
926.0,725.0,4.3,195.0
999.0,821.0,6.2,263.0
994.0,774.0,5.2,239.0
1010.0,801.0,5.8,267.0
938.0,685.0,3.5,214.0
983.0,760.0,4.9,236.0
963.0,749.0,4.7,251.0
962.0,756.0,4.9,255.0
980.0,761.0,5.0,235.0
914.0,644.0,2.9,180.0
898.0,624.0,2.6,129.0
854.0,572.0,1.8,95.0
838.0,531.0,1.3,95.0
831.0,543.0,1.5,100.0
833.0,526.0,1.3,110.0
870.0,582.0,2.0,149.0
984.0,727.0,4.3,197.0
1065.0,844.0,6.7,351.0
968.0,743.0,4.6,249.0
911.0,683.0,3.5,188.0
868.0,590.0,2.1,127.0
868.0,576.0,1.9,96.0
904.0,633.0,2.7,138.0
944.0,693.0,3.7,217.0
925.0,649.0,2.9,186.0
985.0,736.0,4.5,227.0
1002.0,780.0,5.3,252.0
938.0,692.0,3.7,193.0
896.0,627.0,2.6,158.0
907.0,614.0,2.4,150.0
902.0,613.0,2.4,130.0
885.0,582.0,2.0,104.0
863.0,545.0,1.5,86.0
861.0,518.0,1.2,180.0
852.0,482.0,0.8,67.0
879.0,495.0,1.0,75.0
900.0,525.0,1.3,97.0
963.0,615.0,2.4,177.0
1183.0,929.0,8.7,433.0
1161.0,996.0,10.5,471.0
1102.0,896.0,7.9,346.0
1029.0,835.0,6.5,262.0
973.0,797.0,5.7,221.0
981.0,820.0,6.2,265.0
960.0,784.0,5.4,219.0
973.0,761.0,4.9,235.0
968.0,765.0,5.0,227.0
1022.0,854.0,6.9,285.0
1067.0,879.0,7.5,291.0
1101.0,908.0,8.2,295.0
1081.0,885.0,7.7,243.0
988.0,738.0,4.5,209.0
932.0,630.0,2.7,147.0
923.0,602.0,2.3,117.0
915.0,589.0,2.1,105.0
879.0,534.0,1.4,84.0
852.0,479.0,0.8,51.0
844.0,453.0,0.6,180.0
878.0,496.0,1.0,54.0
910.0,524.0,1.3,74.0
918.0,551.0,1.6,114.0
991.0,653.0,3.0,228.0
1223.0,979.0,10.0,455.0
1277.0,1153.0,15.1,493.0
1114.0,922.0,8.6,410.0
1088.0,853.0,6.9,277.0
1064.0,881.0,7.6,340.0
1047.0,854.0,6.9,238.0
1075.0,920.0,8.5,323.0
973.0,777.0,5.3,286.0
942.0,733.0,4.4,271.0
1063.0,909.0,8.2,276.0
1063.0,909.0,8.2,295.0
1063.0,909.0,8.2,340.0
1063.0,909.0,8.2,275.0
1063.0,909.0,8.2,293.0
1063.0,909.0,8.2,157.0
1063.0,909.0,8.2,133.0
1063.0,909.0,8.2,120.0
1063.0,909.0,8.2,122.0
1063.0,909.0,8.2,80.0
1063.0,909.0,8.2,180.0
1063.0,909.0,8.2,88.0
1063.0,909.0,8.2,109.0
1063.0,909.0,8.2,120.0
1063.0,909.0,8.2,233.0
1063.0,909.0,8.2,394.0
1063.0,909.0,8.2,424.0
1063.0,909.0,8.2,446.0
1063.0,909.0,8.2,266.0
1063.0,909.0,8.2,261.0
1063.0,909.0,8.2,220.0
1063.0,909.0,8.2,241.0
1063.0,909.0,8.2,208.0
1063.0,909.0,8.2,215.0
1063.0,909.0,8.2,257.0
1063.0,909.0,8.2,355.0
1063.0,909.0,8.2,415.0
1063.0,909.0,8.2,349.0
1063.0,909.0,8.2,254.0
1063.0,909.0,8.2,228.0
1063.0,909.0,8.2,156.0
1063.0,909.0,8.2,161.0
1063.0,909.0,8.2,123.0
1063.0,909.0,8.2,108.0
1063.0,909.0,8.2,180.0
1063.0,909.0,8.2,95.0
1063.0,909.0,8.2,102.0
1063.0,909.0,8.2,178.0
1063.0,909.0,8.2,214.0
1063.0,909.0,8.2,492.0
1063.0,909.0,8.2,540.0
1063.0,909.0,8.2,604.0
1063.0,909.0,8.2,646.0
1063.0,909.0,8.2,418.0
1063.0,909.0,8.2,250.0
1063.0,909.0,8.2,226.0
1063.0,909.0,8.2,271.0
1063.0,909.0,8.2,288.0
1063.0,909.0,8.2,299.0
1063.0,909.0,8.2,534.0
1063.0,909.0,8.2,687.0
1063.0,909.0,8.2,1028.0
1063.0,909.0,8.2,605.0
1063.0,909.0,8.2,345.0
1063.0,909.0,8.2,255.0
1063.0,909.0,8.2,211.0
1063.0,909.0,8.2,190.0
1063.0,909.0,8.2,149.0
1063.0,909.0,8.2,180.0
1063.0,909.0,8.2,107.0
1063.0,909.0,8.2,98.0
1063.0,909.0,8.2,183.0
1063.0,909.0,8.2,224.0
1063.0,909.0,8.2,589.0
1063.0,909.0,8.2,700.0
1063.0,909.0,8.2,747.0
1063.0,909.0,8.2,746.0
1063.0,909.0,8.2,702.0
1063.0,909.0,8.2,723.0
1063.0,909.0,8.2,872.0
1063.0,909.0,8.2,1054.0
1063.0,909.0,8.2,1218.0
1063.0,909.0,8.2,1227.0
1063.0,909.0,8.2,1061.0
1063.0,909.0,8.2,1075.0
1063.0,909.0,8.2,641.0
1521.0,1203.0,16.8,490.0
1428.0,1085.0,13.0,550.0
1463.0,1069.0,12.6,422.0
1494.0,1124.0,14.2,541.0
1462.0,1080.0,12.9,599.0
1326.0,967.0,9.7,490.0
1185.0,807.0,5.9,180.0
1154.0,788.0,5.5,223.0
1175.0,839.0,6.6,214.0
1203.0,870.0,7.3,274.0
1250.0,933.0,8.8,338.0
1321.0,1046.0,11.9,496.0
1323.0,1049.0,12.0,433.0
1381.0,1045.0,11.9,496.0
1480.0,1186.0,16.2,615.0
1485.0,1229.0,17.6,551.0
1522.0,1229.0,17.6,575.0
1570.0,1224.0,17.5,575.0
1507.0,1170.0,15.7,574.0
1540.0,1202.0,16.7,582.0
1556.0,1214.0,17.1,658.0
1707.0,1378.0,23.0,851.0
1766.0,1419.0,24.6,903.0
1846.0,1474.0,26.8,952.0
1795.0,1382.0,23.2,894.0
1755.0,1352.0,22.0,839.0
1738.0,1309.0,20.4,743.0
1712.0,1239.0,18.0,671.0
1751.0,1255.0,18.5,689.0
1574.0,1093.0,13.3,478.0
1458.0,1024.0,11.3,180.0
1515.0,1066.0,12.5,345.0
1491.0,1031.0,11.5,373.0
1453.0,1012.0,10.9,324.0
1443.0,1003.0,10.7,341.0
1473.0,1047.0,11.9,424.0
1548.0,1097.0,13.4,522.0
1586.0,1084.0,13.0,492.0
1488.0,1023.0,11.2,492.0
1220.0,787.0,5.5,204.0
1198.0,758.0,4.9,142.0
1168.0,836.0,6.5,118.0
1149.0,917.0,8.4,126.0
1052.0,734.0,4.4,115.0
1053.0,727.0,4.3,137.0
1238.0,1037.0,11.6,212.0
1188.0,939.0,9.0,354.0
1150.0,891.0,7.8,331.0
984.0,694.0,3.7,141.0
1111.0,777.0,5.3,228.0
1131.0,793.0,5.6,228.0
1115.0,778.0,5.3,203.0
1133.0,811.0,6.0,215.0
1024.0,709.0,4.0,142.0
968.0,639.0,2.8,180.0
923.0,567.0,1.8,66.0
902.0,548.0,1.5,54.0
995.0,646.0,2.9,121.0
858.0,597.0,2.2,141.0
1233.0,1030.0,11.4,388.0
1140.0,958.0,9.5,366.0
1096.0,1036.0,11.6,254.0
1295.0,1639.0,33.9,164.0
926.0,882.0,7.6,142.0
970.0,857.0,7.0,162.0
960.0,853.0,6.9,177.0
941.0,800.0,5.8,157.0
921.0,771.0,5.2,162.0
940.0,829.0,6.4,209.0
1036.0,1046.0,11.9,304.0
1102.0,1221.0,17.4,484.0
1035.0,1141.0,14.7,399.0
990.0,978.0,10.0,390.0
950.0,839.0,6.6,287.0
988.0,839.0,6.6,202.0
884.0,658.0,3.1,126.0
840.0,597.0,2.2,87.0
814.0,526.0,1.3,59.0
821.0,509.0,1.1,180.0
802.0,440.0,0.5,31.0
805.0,437.0,0.5,28.0
850.0,529.0,1.3,64.0
913.0,619.0,2.5,123.0
1047.0,844.0,6.7,363.0
1055.0,899.0,8.0,416.0
974.0,778.0,5.3,286.0
863.0,669.0,3.3,198.0
889.0,734.0,4.4,216.0
906.0,790.0,5.5,211.0
874.0,751.0,4.8,199.0
849.0,680.0,3.5,161.0
923.0,761.0,4.9,218.0
962.0,841.0,6.6,252.0
1067.0,1059.0,12.3,337.0
1125.0,1121.0,14.1,357.0
1149.0,1124.0,14.2,410.0
1155.0,1034.0,11.6,445.0
1065.0,908.0,8.2,314.0
1145.0,946.0,9.2,366.0
1134.0,912.0,8.3,336.0
1195.0,1004.0,10.7,387.0
1141.0,898.0,8.0,320.0
1077.0,806.0,5.9,180.0
1052.0,740.0,4.5,237.0
1033.0,701.0,3.8,224.0
1080.0,768.0,5.1,237.0
1208.0,931.0,8.8,454.0
1363.0,1183.0,16.1,854.0
1239.0,1096.0,13.4,758.0
1044.0,940.0,9.0,428.0
956.0,761.0,5.0,205.0
955.0,725.0,4.3,205.0
997.0,825.0,6.3,226.0
987.0,810.0,6.0,199.0
1007.0,798.0,5.7,253.0
1025.0,795.0,5.6,259.0
1083.0,856.0,7.0,252.0
1143.0,960.0,9.5,313.0
1288.0,1178.0,15.9,433.0
1464.0,1421.0,24.7,611.0
1341.0,1204.0,16.8,626.0
1177.0,1004.0,10.7,408.0
1089.0,913.0,8.3,357.0
1196.0,1014.0,11.0,375.0
1107.0,874.0,7.4,326.0
1102.0,897.0,7.9,326.0
993.0,688.0,3.6,180.0
912.0,559.0,1.7,72.0
883.0,496.0,1.0,49.0
893.0,507.0,1.1,59.0
1033.0,711.0,4.0,220.0
1222.0,966.0,9.7,602.0
1190.0,1000.0,10.6,485.0
1035.0,783.0,5.4,295.0
990.0,705.0,3.9,217.0
1011.0,732.0,4.4,236.0
1041.0,763.0,5.0,196.0
1086.0,850.0,6.8,233.0
1021.0,755.0,4.8,207.0
1014.0,761.0,5.0,198.0
1023.0,771.0,5.2,212.0
1172.0,977.0,10.0,280.0
1172.0,1017.0,11.1,315.0
1219.0,1081.0,12.9,378.0
1106.0,891.0,7.8,320.0
1078.0,824.0,6.3,265.0
939.0,637.0,2.8,129.0
975.0,670.0,3.3,129.0
958.0,660.0,3.1,172.0
921.0,594.0,2.1,100.0
931.0,580.0,1.9,180.0
874.0,472.0,0.7,49.0
872.0,476.0,0.8,36.0
904.0,530.0,1.3,79.0
951.0,568.0,1.8,128.0
1183.0,896.0,7.9,456.0
1187.0,970.0,9.8,477.0
1072.0,874.0,7.4,342.0
1011.0,780.0,5.3,254.0
997.0,752.0,4.8,231.0
989.0,791.0,5.6,213.0
1006.0,837.0,6.6,208.0
1016.0,845.0,6.7,270.0
1069.0,918.0,8.4,276.0
1109.0,989.0,10.3,375.0
1182.0,1071.0,12.6,395.0
1253.0,1179.0,16.0,421.0
1288.0,1228.0,17.6,632.0
1153.0,981.0,10.1,424.0
1161.0,969.0,9.8,369.0
1271.0,1031.0,11.5,484.0
1156.0,909.0,8.2,456.0
1106.0,850.0,6.8,373.0
1008.0,726.0,4.3,228.0
966.0,703.0,3.9,180.0
931.0,627.0,2.6,117.0
922.0,611.0,2.4,108.0
911.0,606.0,2.3,126.0
993.0,736.0,4.5,235.0
1100.0,919.0,8.5,339.0
1141.0,940.0,9.0,399.0
1085.0,800.0,5.7,346.0
1153.0,853.0,6.9,407.0
1122.0,831.0,6.4,393.0
992.0,685.0,3.5,166.0
1018.0,693.0,3.7,157.0
981.0,649.0,2.9,141.0
988.0,679.0,3.4,144.0
1059.0,777.0,5.3,191.0
1110.0,870.0,7.3,255.0
1204.0,979.0,10.0,379.0
1275.0,1061.0,12.3,427.0
1297.0,1044.0,11.8,509.0
1277.0,991.0,10.4,459.0
1207.0,888.0,7.7,293.0
1222.0,880.0,7.5,269.0
1141.0,816.0,6.1,244.0
1228.0,913.0,8.3,293.0
1120.0,770.0,5.1,180.0
1067.0,758.0,4.9,177.0
947.0,580.0,1.9,81.0
918.0,501.0,1.0,42.0
920.0,506.0,1.1,61.0
941.0,541.0,1.5,101.0
949.0,552.0,1.6,98.0
990.0,604.0,2.3,114.0
996.0,620.0,2.5,118.0
1023.0,623.0,2.5,120.0
1037.0,636.0,2.8,151.0
1017.0,613.0,2.4,131.0
1042.0,671.0,3.3,145.0
1037.0,665.0,3.2,156.0
1009.0,640.0,2.8,151.0
1033.0,675.0,3.4,173.0
1016.0,647.0,2.9,154.0
1076.0,745.0,4.6,221.0
1029.0,699.0,3.8,193.0
984.0,661.0,3.1,130.0
1003.0,694.0,3.7,156.0
1009.0,671.0,3.3,148.0
946.0,588.0,2.1,93.0
910.0,518.0,1.2,66.0
886.0,464.0,0.7,180.0
879.0,447.0,0.5,38.0
907.0,502.0,1.0,50.0
949.0,589.0,2.1,77.0
1054.0,786.0,5.5,183.0
1214.0,1010.0,10.9,256.0
1253.0,1095.0,13.3,355.0
1197.0,964.0,9.6,491.0
1156.0,859.0,7.0,387.0
1132.0,837.0,6.6,384.0
1207.0,950.0,9.3,368.0
1127.0,896.0,7.9,258.0
1112.0,851.0,6.9,231.0
1186.0,925.0,8.6,290.0
1192.0,976.0,10.0,335.0
1177.0,931.0,8.8,293.0
1478.0,1301.0,20.2,526.0
1486.0,1289.0,19.7,607.0
1118.0,863.0,7.1,326.0
1019.0,730.0,4.4,188.0
961.0,643.0,2.9,163.0
931.0,591.0,2.1,102.0
938.0,592.0,2.1,95.0
888.0,511.0,1.1,71.0
844.0,454.0,0.6,180.0
851.0,440.0,0.5,46.0
905.0,503.0,1.0,62.0
987.0,628.0,2.6,170.0
1124.0,842.0,6.7,313.0
1408.0,1200.0,16.7,687.0
1501.0,1403.0,24.0,757.0
1266.0,1149.0,15.0,559.0
1082.0,855.0,6.9,286.0
1123.0,942.0,9.1,324.0
1174.0,979.0,10.0,316.0
1209.0,1082.0,12.9,407.0
1120.0,940.0,9.0,305.0
1174.0,1010.0,10.9,360.0
1068.0,896.0,7.9,339.0
1146.0,985.0,10.2,304.0
1204.0,1089.0,13.2,397.0
1062.0,903.0,8.1,270.0
1122.0,919.0,8.5,339.0
940.0,686.0,3.6,190.0
935.0,628.0,2.6,126.0
1011.0,725.0,4.3,189.0
952.0,665.0,3.2,146.0
899.0,572.0,1.8,98.0
880.0,533.0,1.4,180.0
882.0,516.0,1.2,75.0
844.0,466.0,0.7,77.0
860.0,497.0,1.0,72.0
917.0,597.0,2.2,152.0
1126.0,886.0,7.7,337.0
1033.0,820.0,6.2,360.0
944.0,697.0,3.8,243.0
955.0,687.0,3.6,277.0
992.0,694.0,3.7,266.0
1090.0,910.0,8.3,317.0
1151.0,983.0,10.1,375.0
1148.0,975.0,9.9,349.0
1140.0,946.0,9.2,377.0
1160.0,990.0,10.3,403.0
1167.0,1027.0,11.4,422.0
1194.0,1038.0,11.7,388.0
1224.0,1071.0,12.6,431.0
1209.0,1028.0,11.4,425.0
1145.0,962.0,9.6,391.0
1016.0,744.0,4.6,231.0
1018.0,750.0,4.7,248.0
937.0,625.0,2.6,142.0
949.0,647.0,2.9,117.0
895.0,545.0,1.5,180.0
884.0,528.0,1.3,96.0
883.0,518.0,1.2,87.0
968.0,652.0,3.0,197.0
1071.0,787.0,5.5,290.0
1310.0,1082.0,12.9,621.0
1332.0,1132.0,14.5,645.0
1178.0,939.0,9.0,573.0
1093.0,836.0,6.5,414.0
1060.0,784.0,5.4,314.0
1121.0,873.0,7.4,317.0
1118.0,888.0,7.7,290.0
1205.0,1002.0,10.7,385.0
1274.0,1094.0,13.3,507.0
1301.0,1092.0,13.2,534.0
1405.0,1224.0,17.5,601.0
1375.0,1230.0,17.7,583.0
1367.0,1225.0,17.5,551.0
1324.0,1121.0,14.1,547.0
1170.0,917.0,8.4,385.0
1169.0,895.0,7.9,318.0
1181.0,905.0,8.1,356.0
1146.0,860.0,7.1,326.0
1059.0,773.0,5.2,233.0
1010.0,679.0,3.4,180.0
1007.0,677.0,3.4,116.0
932.0,595.0,2.1,120.0
998.0,717.0,4.1,228.0
1072.0,819.0,6.1,303.0
1424.0,1260.0,18.7,180.0
1527.0,1502.0,27.9,180.0
1364.0,1234.0,17.8,529.0
1190.0,1044.0,11.8,615.0
1021.0,839.0,6.6,298.0
1051.0,914.0,8.4,317.0
1021.0,882.0,7.6,305.0
1016.0,842.0,6.7,253.0
1040.0,893.0,7.9,296.0
1089.0,916.0,8.4,293.0
1148.0,1054.0,12.1,353.0
1162.0,1070.0,12.6,399.0
1197.0,1102.0,13.6,454.0
1059.0,905.0,8.1,356.0
1207.0,1023.0,11.2,473.0
1188.0,983.0,10.1,482.0
1153.0,933.0,8.8,443.0
1061.0,849.0,6.8,373.0
1028.0,831.0,6.4,320.0
1082.0,843.0,6.7,180.0
1037.0,771.0,5.2,233.0
942.0,688.0,3.6,161.0
904.0,633.0,2.7,137.0
855.0,578.0,1.9,144.0
914.0,705.0,3.9,182.0
933.0,714.0,4.1,227.0
942.0,696.0,3.7,203.0
943.0,688.0,3.6,179.0
959.0,717.0,4.1,171.0
971.0,739.0,4.5,181.0
954.0,735.0,4.5,175.0
929.0,645.0,2.9,148.0
933.0,660.0,3.1,132.0
967.0,704.0,3.9,162.0
987.0,723.0,4.2,185.0
1003.0,772.0,5.2,234.0
1138.0,986.0,10.2,275.0
1087.0,903.0,8.1,272.0
1129.0,920.0,8.5,331.0
1191.0,1005.0,10.7,347.0
1256.0,1032.0,11.5,488.0
1171.0,960.0,9.5,404.0
1016.0,780.0,5.3,255.0
1035.0,805.0,5.8,180.0
980.0,744.0,4.6,174.0
901.0,631.0,2.7,108.0
914.0,655.0,3.1,107.0
940.0,665.0,3.2,188.0
935.0,689.0,3.6,225.0
970.0,691.0,3.7,208.0
1064.0,830.0,6.4,270.0
1023.0,776.0,5.2,202.0
955.0,706.0,3.9,168.0
943.0,714.0,4.1,191.0
895.0,622.0,2.5,149.0
890.0,601.0,2.2,101.0
904.0,608.0,2.3,134.0
888.0,611.0,2.4,150.0
905.0,648.0,2.9,188.0
974.0,757.0,4.9,254.0
1048.0,847.0,6.8,324.0
895.0,660.0,3.1,238.0
875.0,594.0,2.1,128.0
943.0,703.0,3.9,169.0
947.0,697.0,3.8,215.0
865.0,566.0,1.8,111.0
823.0,503.0,1.0,60.0
798.0,452.0,0.6,180.0
781.0,425.0,0.4,29.0
781.0,409.0,0.3,25.0
779.0,402.0,0.2,34.0
817.0,462.0,0.7,89.0
893.0,629.0,2.6,212.0
883.0,659.0,3.1,216.0
839.0,608.0,2.3,191.0
809.0,587.0,2.0,200.0
805.0,584.0,2.0,164.0
840.0,661.0,3.1,185.0
812.0,646.0,2.9,156.0
782.0,594.0,2.1,155.0
799.0,617.0,2.5,158.0
812.0,640.0,2.8,166.0
922.0,842.0,6.7,268.0
938.0,903.0,8.1,309.0
939.0,872.0,7.4,297.0
827.0,687.0,3.6,225.0
776.0,580.0,1.9,122.0
755.0,538.0,1.4,100.0
766.0,515.0,1.2,86.0
762.0,487.0,0.9,71.0
736.0,453.0,0.6,39.0
715.0,387.0,0.2,180.0
716.0,390.0,0.2,29.0
731.0,408.0,0.3,32.0
735.0,407.0,0.3,37.0
779.0,500.0,1.0,134.0
915.0,774.0,5.2,358.0
905.0,818.0,6.1,354.0
835.0,688.0,3.6,284.0
798.0,609.0,2.3,213.0
783.0,580.0,1.9,174.0
807.0,623.0,2.6,157.0
827.0,660.0,3.1,178.0
822.0,632.0,2.7,187.0
830.0,655.0,3.0,198.0
833.0,653.0,3.0,186.0
882.0,766.0,5.0,203.0
967.0,880.0,7.5,313.0
1009.0,958.0,9.5,342.0
911.0,777.0,5.3,310.0
808.0,613.0,2.4,165.0
812.0,621.0,2.5,152.0
790.0,597.0,2.2,141.0
765.0,544.0,1.5,122.0
761.0,525.0,1.3,79.0
788.0,486.0,0.9,180.0
790.0,471.0,0.7,81.0
804.0,489.0,0.9,77.0
831.0,537.0,1.4,124.0
881.0,680.0,3.5,159.0
1099.0,1013.0,11.0,396.0
1100.0,1065.0,12.4,479.0
1042.0,910.0,8.3,438.0
1026.0,935.0,8.9,466.0
905.0,796.0,5.7,288.0
891.0,790.0,5.5,205.0
968.0,938.0,9.0,311.0
909.0,826.0,6.3,246.0
938.0,945.0,9.1,356.0
971.0,917.0,8.4,397.0
1148.0,1226.0,17.5,579.0
1299.0,1384.0,23.3,819.0
1315.0,1269.0,19.0,754.0
1180.0,1020.0,11.1,473.0
1070.0,821.0,6.2,300.0
1031.0,763.0,5.0,235.0
1047.0,778.0,5.3,207.0
1030.0,724.0,4.2,204.0
986.0,682.0,3.5,155.0
992.0,655.0,3.0,180.0
1076.0,715.0,4.1,179.0
1104.0,713.0,4.0,143.0
1160.0,770.0,5.1,212.0
1217.0,846.0,6.7,263.0
1457.0,1167.0,15.6,648.0
1337.0,1212.0,17.1,717.0
1111.0,931.0,8.8,389.0
1165.0,852.0,6.9,438.0
1129.0,783.0,5.4,282.0
1092.0,759.0,4.9,268.0
1096.0,777.0,5.3,248.0
1108.0,783.0,5.4,272.0
1124.0,787.0,5.5,291.0
1216.0,879.0,7.5,363.0
1437.0,1202.0,16.7,660.0
1473.0,1245.0,18.2,907.0
1396.0,1164.0,15.5,639.0
1285.0,1013.0,10.9,574.0
1206.0,928.0,8.7,373.0
1179.0,868.0,7.3,330.0
1213.0,877.0,7.5,336.0
1142.0,849.0,6.8,347.0
1089.0,750.0,4.7,241.0
982.0,617.0,2.5,180.0
888.0,526.0,1.3,96.0
979.0,602.0,2.2,147.0
1023.0,690.0,3.6,210.0
1153.0,878.0,7.5,409.0
1393.0,1204.0,16.8,719.0
1567.0,1502.0,28.0,959.0
1334.0,1174.0,15.8,744.0
1280.0,1165.0,15.5,583.0
1330.0,1145.0,14.9,597.0
1349.0,1193.0,16.4,550.0
1349.0,1167.0,15.6,499.0
1344.0,1182.0,16.1,470.0
1337.0,1198.0,16.6,568.0
1316.0,1177.0,15.9,525.0
1253.0,1094.0,13.3,481.0
1258.0,1144.0,14.9,414.0
1326.0,1253.0,18.5,565.0
1109.0,896.0,7.9,303.0
1029.0,762.0,5.0,221.0
1112.0,833.0,6.5,260.0
1100.0,810.0,6.0,327.0
1136.0,849.0,6.8,344.0
1000.0,712.0,4.0,270.0
1041.0,732.0,4.4,180.0
1009.0,710.0,4.0,191.0
975.0,681.0,3.5,136.0
993.0,727.0,4.3,194.0
872.0,587.0,2.0,168.0
1017.0,818.0,6.1,254.0
1070.0,928.0,8.7,410.0
915.0,658.0,3.1,166.0
978.0,772.0,5.2,162.0
968.0,777.0,5.3,188.0
1008.0,843.0,6.7,199.0
1025.0,913.0,8.3,272.0
983.0,806.0,5.9,180.0
1018.0,868.0,7.3,255.0
1101.0,916.0,8.4,251.0
1116.0,888.0,7.7,258.0
1161.0,945.0,9.1,344.0
1212.0,1010.0,10.9,380.0
1225.0,985.0,10.2,464.0
1154.0,891.0,7.8,304.0
1140.0,856.0,7.0,258.0
1201.0,949.0,9.2,358.0
1011.0,742.0,4.6,278.0
867.0,590.0,2.1,116.0
856.0,545.0,1.5,180.0
859.0,527.0,1.3,60.0
859.0,479.0,0.8,51.0
842.0,454.0,0.6,33.0
856.0,505.0,1.1,80.0
867.0,500.0,1.0,103.0
877.0,541.0,1.5,93.0
869.0,535.0,1.4,108.0
900.0,582.0,2.0,107.0
899.0,603.0,2.3,122.0
895.0,624.0,2.6,122.0
992.0,844.0,6.7,156.0
1104.0,1095.0,13.3,246.0
933.0,711.0,4.0,205.0
973.0,778.0,5.3,257.0
1069.0,923.0,8.6,228.0
1055.0,821.0,6.2,321.0
1032.0,778.0,5.3,270.0
982.0,714.0,4.1,203.0
968.0,680.0,3.5,201.0
979.0,718.0,4.1,207.0
935.0,666.0,3.2,180.0
942.0,666.0,3.2,140.0
883.0,561.0,1.7,93.0
841.0,470.0,0.7,180.0
843.0,443.0,0.5,35.0
872.0,460.0,0.6,47.0
862.0,474.0,0.8,68.0
917.0,562.0,1.7,131.0
1022.0,771.0,5.2,289.0
1022.0,837.0,6.6,322.0
961.0,789.0,5.5,330.0
912.0,731.0,4.4,339.0
896.0,731.0,4.4,316.0
890.0,726.0,4.3,218.0
891.0,740.0,4.5,177.0
894.0,737.0,4.5,278.0
907.0,753.0,4.8,313.0
973.0,827.0,6.3,351.0
1035.0,961.0,9.6,374.0
1146.0,1147.0,15.0,431.0
1176.0,1162.0,15.4,468.0
1057.0,935.0,8.9,368.0
974.0,763.0,5.0,239.0
1044.0,834.0,6.5,292.0
988.0,734.0,4.4,205.0
1016.0,781.0,5.3,255.0
929.0,659.0,3.1,220.0
876.0,576.0,1.9,180.0
872.0,558.0,1.7,114.0
888.0,574.0,1.9,153.0
927.0,638.0,2.8,224.0
991.0,786.0,5.5,295.0
1317.0,1247.0,18.3,667.0
1402.0,1462.0,26.3,867.0
1222.0,1188.0,16.3,666.0
1109.0,1060.0,12.3,595.0
959.0,875.0,7.4,421.0
964.0,902.0,8.1,292.0
1006.0,1006.0,10.8,308.0
1002.0,968.0,9.7,347.0
997.0,975.0,9.9,377.0
1019.0,964.0,9.6,325.0
1192.0,1196.0,16.5,508.0
1399.0,1387.0,23.4,768.0
1419.0,1408.0,24.2,764.0
1250.0,1094.0,13.3,500.0
1156.0,916.0,8.4,463.0
1064.0,783.0,5.4,258.0
1066.0,771.0,5.2,214.0
1031.0,741.0,4.6,191.0
973.0,663.0,3.2,154.0
937.0,600.0,2.2,180.0
930.0,616.0,2.5,113.0
949.0,640.0,2.8,167.0
979.0,707.0,3.9,235.0
1094.0,865.0,7.2,372.0
1450.0,1322.0,20.9,877.0
1508.0,1479.0,27.0,900.0
1374.0,1255.0,18.5,733.0
1308.0,1117.0,14.0,691.0
1249.0,996.0,10.5,457.0
1282.0,1023.0,11.2,369.0
1253.0,988.0,10.3,285.0
1222.0,924.0,8.6,279.0
1201.0,882.0,7.6,198.0
1238.0,985.0,10.2,229.0
1434.0,1234.0,17.8,477.0
1573.0,1436.0,25.3,679.0
1552.0,1413.0,24.4,682.0
1510.0,1297.0,20.0,679.0
1165.0,870.0,7.3,298.0
1177.0,837.0,6.6,265.0
1135.0,800.0,5.7,196.0
1070.0,739.0,4.5,155.0
1034.0,715.0,4.1,131.0
1014.0,731.0,4.4,180.0
988.0,673.0,3.3,165.0
975.0,668.0,3.3,169.0
984.0,681.0,3.5,224.0
1092.0,831.0,6.4,249.0
1454.0,1299.0,20.1,863.0
1446.0,1328.0,21.2,665.0
1316.0,1105.0,13.7,670.0
1283.0,1039.0,11.7,500.0
1223.0,999.0,10.6,428.0
1176.0,969.0,9.8,180.0
1041.0,945.0,9.1,306.0
1008.0,946.0,9.2,334.0
962.0,807.0,5.9,268.0
1048.0,925.0,8.6,284.0
1145.0,1074.0,12.7,393.0
1198.0,1291.0,19.8,603.0
1319.0,1399.0,23.8,757.0
1274.0,1136.0,14.6,684.0
1085.0,882.0,7.6,426.0
1017.0,760.0,4.9,254.0
1039.0,774.0,5.2,227.0
1027.0,751.0,4.8,221.0
952.0,662.0,3.2,155.0
930.0,609.0,2.4,120.0
942.0,665.0,3.2,134.0
897.0,594.0,2.1,128.0
928.0,631.0,2.7,148.0
987.0,738.0,4.5,233.0
1272.0,1111.0,13.8,470.0
1452.0,1370.0,22.7,679.0
1415.0,1278.0,19.3,796.0
1063.0,909.0,8.2,812.0
1203.0,951.0,9.3,339.0
1258.0,1052.0,12.1,354.0
1328.0,1123.0,14.2,466.0
1260.0,1059.0,12.3,417.0
1201.0,985.0,10.2,289.0
1161.0,992.0,10.4,324.0
1254.0,1112.0,13.9,376.0
1452.0,1381.0,23.1,619.0
1438.0,1374.0,22.8,689.0
1273.0,1096.0,13.4,582.0
1096.0,850.0,6.8,287.0
1151.0,813.0,6.0,238.0
1189.0,797.0,5.7,312.0
1078.0,704.0,3.9,231.0
1152.0,759.0,4.9,234.0
1128.0,740.0,4.5,195.0
1015.0,608.0,2.3,113.0
979.0,547.0,1.5,73.0
972.0,542.0,1.5,103.0
992.0,565.0,1.8,121.0
1053.0,671.0,3.3,132.0
1140.0,800.0,5.8,178.0
1136.0,822.0,6.2,218.0
1180.0,846.0,6.7,246.0
1131.0,792.0,5.6,252.0
1083.0,804.0,5.8,208.0
1120.0,859.0,7.0,219.0
1038.0,699.0,3.8,160.0
1096.0,788.0,5.5,191.0
1126.0,881.0,7.6,270.0
1153.0,910.0,8.3,285.0
1177.0,878.0,7.5,289.0
1383.0,1119.0,14.1,550.0
1363.0,1064.0,12.4,679.0
1087.0,803.0,5.8,314.0
1028.0,703.0,3.9,166.0
1017.0,641.0,2.8,157.0
1050.0,660.0,3.1,173.0
1023.0,672.0,3.3,184.0
940.0,583.0,2.0,93.0
963.0,617.0,2.5,85.0
971.0,585.0,2.0,79.0
887.0,488.0,0.9,55.0
944.0,551.0,1.6,98.0
970.0,592.0,2.1,190.0
1034.0,651.0,3.0,166.0
1160.0,765.0,5.0,260.0
1283.0,887.0,7.7,362.0
1387.0,981.0,10.1,415.0
1325.0,921.0,8.5,358.0
1057.0,641.0,2.8,170.0
1078.0,668.0,3.3,130.0
1159.0,762.0,5.0,177.0
1195.0,795.0,5.6,233.0
1217.0,861.0,7.1,282.0
1542.0,1200.0,16.7,583.0
1407.0,1066.0,12.5,566.0
1189.0,837.0,6.6,323.0
1208.0,911.0,8.3,318.0
1207.0,861.0,7.1,336.0
1056.0,699.0,3.8,196.0
1128.0,771.0,5.2,193.0
1119.0,778.0,5.3,192.0
1077.0,701.0,3.8,147.0
1036.0,636.0,2.8,122.0
1016.0,647.0,2.9,117.0
1103.0,730.0,4.4,201.0
1176.0,880.0,7.5,318.0
1430.0,1169.0,15.7,658.0
1572.0,1374.0,22.9,680.0
1243.0,1006.0,10.8,497.0
1101.0,817.0,6.1,290.0
1103.0,857.0,7.0,230.0
1116.0,859.0,7.1,215.0
1141.0,904.0,8.1,226.0
1151.0,885.0,7.7,240.0
1263.0,1008.0,10.8,391.0
1324.0,1128.0,14.4,492.0
1533.0,1439.0,25.4,700.0
1626.0,1531.0,29.1,782.0
1639.0,1510.0,28.3,728.0
1346.0,1124.0,14.2,510.0
1218.0,914.0,8.4,308.0
1166.0,880.0,7.5,248.0
1095.0,772.0,5.2,233.0
958.0,601.0,2.2,96.0
960.0,582.0,2.0,90.0
972.0,571.0,1.8,95.0
911.0,508.0,1.1,68.0
923.0,516.0,1.2,75.0
981.0,610.0,2.4,145.0
1038.0,701.0,3.8,185.0
1370.0,1118.0,14.0,506.0
1471.0,1265.0,18.9,485.0
1447.0,1167.0,15.6,684.0
1329.0,1090.0,13.2,562.0
1197.0,989.0,10.3,357.0
1198.0,968.0,9.7,306.0
1171.0,977.0,10.0,292.0
1191.0,1011.0,10.9,305.0
1213.0,1060.0,12.3,386.0
1258.0,1124.0,14.2,408.0
1413.0,1339.0,21.6,521.0
1610.0,1573.0,30.9,766.0
1710.0,1632.0,33.5,841.0
1515.0,1295.0,19.9,754.0
1199.0,916.0,8.4,350.0
1128.0,818.0,6.1,244.0
1108.0,798.0,5.7,221.0
1038.0,709.0,4.0,183.0
1004.0,646.0,2.9,166.0
969.0,584.0,2.0,133.0
938.0,559.0,1.7,147.0
927.0,549.0,1.6,119.0
977.0,673.0,3.3,179.0
1011.0,685.0,3.6,178.0
1228.0,984.0,10.2,390.0
1521.0,1434.0,25.2,579.0
1425.0,1178.0,16.0,735.0
1339.0,1094.0,13.3,568.0
1310.0,1046.0,11.9,487.0
1250.0,1012.0,10.9,343.0
1181.0,1015.0,11.0,351.0
1272.0,1220.0,17.3,417.0
1231.0,1064.0,12.4,509.0
1286.0,1223.0,17.4,573.0
1315.0,1225.0,17.5,518.0
1494.0,1460.0,26.2,641.0
1494.0,1381.0,23.1,544.0
1545.0,1390.0,23.5,582.0
1354.0,1094.0,13.3,407.0
1301.0,998.0,10.5,327.0
1144.0,826.0,6.3,221.0
1080.0,732.0,4.4,142.0
1013.0,671.0,3.3,123.0
966.0,587.0,2.0,106.0
959.0,578.0,1.9,100.0
919.0,532.0,1.4,85.0
953.0,604.0,2.3,114.0
1117.0,808.0,5.9,299.0
1485.0,1265.0,18.9,723.0
1583.0,1457.0,26.1,745.0
1448.0,1187.0,16.2,668.0
1294.0,1006.0,10.8,571.0
1269.0,1016.0,11.1,388.0
1247.0,985.0,10.2,323.0
1239.0,1045.0,11.9,312.0
1199.0,1041.0,11.8,320.0
1216.0,1013.0,10.9,322.0
1131.0,925.0,8.6,276.0
1300.0,1149.0,15.0,341.0
1358.0,1331.0,21.3,531.0
1492.0,1425.0,24.8,653.0
1413.0,1251.0,18.4,646.0
1210.0,943.0,9.1,333.0
1196.0,902.0,8.1,299.0
1101.0,809.0,5.9,224.0
1076.0,770.0,5.1,195.0
1040.0,736.0,4.5,209.0
989.0,667.0,3.2,168.0
966.0,639.0,2.8,153.0
912.0,587.0,2.0,140.0
960.0,668.0,3.3,184.0
1028.0,784.0,5.4,266.0
1375.0,1134.0,14.5,518.0
1522.0,1466.0,26.5,681.0
1400.0,1227.0,17.6,558.0
1323.0,1144.0,14.9,457.0
1250.0,990.0,10.3,353.0
1283.0,1048.0,12.0,313.0
1171.0,993.0,10.4,290.0
1264.0,1081.0,12.9,318.0
1301.0,1152.0,15.1,479.0
1321.0,1175.0,15.8,494.0
1343.0,1298.0,20.1,551.0
1493.0,1444.0,25.6,701.0
1545.0,1403.0,24.0,571.0
1477.0,1247.0,18.3,643.0
1202.0,864.0,7.2,282.0
1236.0,849.0,6.8,251.0
1206.0,849.0,6.8,307.0
1192.0,832.0,6.4,282.0
1044.0,630.0,2.7,160.0
1053.0,648.0,2.9,125.0
1023.0,600.0,2.2,106.0
1005.0,620.0,2.5,111.0
959.0,578.0,1.9,115.0
1049.0,686.0,3.6,156.0
1255.0,983.0,10.1,320.0
1285.0,1009.0,10.9,380.0
1254.0,973.0,9.9,371.0
1253.0,966.0,9.7,343.0
1242.0,935.0,8.9,297.0
1212.0,918.0,8.5,281.0
1165.0,839.0,6.6,220.0
1136.0,781.0,5.4,174.0
1233.0,926.0,8.7,260.0
1177.0,800.0,5.8,222.0
1223.0,883.0,7.6,266.0
1360.0,1063.0,12.4,387.0
1435.0,1140.0,14.7,425.0
1305.0,995.0,10.5,484.0
1199.0,869.0,7.3,325.0
1217.0,921.0,8.5,257.0
1200.0,847.0,6.8,273.0
1150.0,807.0,5.9,276.0
1086.0,726.0,4.3,202.0
1027.0,684.0,3.5,132.0
993.0,640.0,2.8,85.0
985.0,610.0,2.4,87.0
934.0,552.0,1.6,70.0
977.0,631.0,2.7,113.0
970.0,618.0,2.5,112.0
1041.0,706.0,3.9,140.0
1144.0,821.0,6.2,214.0
1209.0,933.0,8.8,334.0
1083.0,727.0,4.3,203.0
1063.0,678.0,3.4,163.0
988.0,600.0,2.2,110.0
1060.0,686.0,3.6,107.0
1087.0,717.0,4.1,135.0
1153.0,798.0,5.7,187.0
1167.0,838.0,6.6,240.0
1370.0,1072.0,12.7,398.0
1403.0,1142.0,14.8,585.0
1364.0,1061.0,12.3,590.0
1111.0,825.0,6.3,295.0
1091.0,777.0,5.3,209.0
1107.0,777.0,5.3,183.0
1095.0,746.0,4.7,177.0
1027.0,673.0,3.3,126.0
996.0,631.0,2.7,100.0
955.0,582.0,2.0,83.0
947.0,553.0,1.6,84.0
1003.0,650.0,3.0,113.0
1120.0,815.0,6.1,270.0
1476.0,1219.0,17.3,487.0
1653.0,1573.0,31.0,723.0
1403.0,1161.0,15.4,614.0
1241.0,1011.0,10.9,395.0
1176.0,914.0,8.4,310.0
1160.0,862.0,7.1,259.0
1224.0,977.0,10.0,251.0
1175.0,906.0,8.2,261.0
1235.0,947.0,9.2,241.0
1288.0,1064.0,12.4,317.0
1512.0,1386.0,23.3,505.0
1609.0,1544.0,29.7,669.0
1537.0,1446.0,25.7,638.0
1315.0,1126.0,14.3,433.0
1155.0,909.0,8.2,252.0
1033.0,759.0,4.9,154.0
1078.0,808.0,5.9,152.0
1069.0,799.0,5.7,181.0
952.0,648.0,2.9,109.0
910.0,570.0,1.8,73.0
878.0,517.0,1.2,83.0
899.0,556.0,1.6,90.0
939.0,620.0,2.5,151.0
1001.0,701.0,3.8,191.0
1303.0,1102.0,13.5,403.0
1557.0,1499.0,27.8,555.0
1402.0,1263.0,18.8,551.0
1380.0,1170.0,15.7,473.0
1350.0,1168.0,15.6,388.0
1283.0,1061.0,12.3,296.0
1293.0,1064.0,12.4,283.0
1197.0,943.0,9.1,256.0
1142.0,924.0,8.6,234.0
1147.0,914.0,8.4,215.0
1448.0,1322.0,20.9,454.0
1487.0,1350.0,21.9,605.0
1476.0,1308.0,20.4,529.0
1282.0,1013.0,11.0,354.0
1147.0,848.0,6.8,195.0
1130.0,828.0,6.3,161.0
1154.0,822.0,6.2,187.0
1049.0,683.0,3.5,156.0
1056.0,672.0,3.3,116.0
1011.0,622.0,2.5,83.0
993.0,604.0,2.3,85.0
976.0,568.0,1.8,78.0
1050.0,690.0,3.6,127.0
1143.0,818.0,6.1,279.0
1606.0,1360.0,22.3,649.0
1592.0,1478.0,27.0,593.0
1510.0,1282.0,19.5,584.0
1421.0,1172.0,15.8,563.0
1169.0,987.0,10.3,337.0
1187.0,1014.0,11.0,272.0
1171.0,1045.0,11.9,322.0
1175.0,1040.0,11.7,362.0
1216.0,1050.0,12.0,361.0
1239.0,1062.0,12.3,431.0
1463.0,1383.0,23.2,545.0
1616.0,1610.0,32.6,796.0
1663.0,1597.0,32.0,874.0
1445.0,1263.0,18.8,551.0
1293.0,1052.0,12.1,393.0
1354.0,1084.0,13.0,369.0
1251.0,973.0,9.9,314.0
1222.0,902.0,8.1,294.0
1044.0,702.0,3.8,165.0
1006.0,659.0,3.1,143.0
953.0,583.0,2.0,93.0
959.0,598.0,2.2,111.0
949.0,607.0,2.3,105.0
1073.0,760.0,4.9,173.0
1499.0,1291.0,19.8,541.0
1404.0,1149.0,15.0,581.0
1465.0,1241.0,18.1,591.0
1474.0,1158.0,15.3,653.0
1611.0,1233.0,17.8,690.0
1590.0,1219.0,17.3,602.0
1422.0,1120.0,14.1,489.0
1273.0,988.0,10.3,288.0
1296.0,1014.0,11.0,323.0
1247.0,989.0,10.3,301.0
1359.0,1135.0,14.6,335.0
1726.0,1570.0,30.8,659.0
1818.0,1675.0,35.5,847.0
1667.0,1410.0,24.2,691.0
1549.0,1233.0,17.8,590.0
1385.0,1045.0,11.9,449.0
1320.0,950.0,9.3,316.0
1205.0,828.0,6.3,239.0
1099.0,709.0,4.0,165.0
1106.0,715.0,4.1,152.0
1099.0,718.0,4.1,144.0
1042.0,671.0,3.3,126.0
980.0,621.0,2.5,132.0
1138.0,782.0,5.4,228.0
1517.0,1222.0,17.4,580.0
1537.0,1374.0,22.9,564.0
1296.0,1017.0,11.1,369.0
1255.0,958.0,9.5,260.0
1367.0,1105.0,13.6,371.0
1473.0,1210.0,17.0,513.0
1422.0,1175.0,15.8,471.0
1378.0,1125.0,14.3,378.0
1446.0,1224.0,17.5,445.0
1473.0,1235.0,17.8,483.0
1619.0,1411.0,24.3,530.0
1673.0,1484.0,27.2,649.0
1605.0,1397.0,23.7,604.0
1460.0,1201.0,16.7,486.0
1407.0,1117.0,14.0,402.0
1286.0,982.0,10.1,268.0
1372.0,1054.0,12.1,350.0
1312.0,995.0,10.5,312.0
1205.0,867.0,7.2,243.0
1167.0,829.0,6.4,202.0
1122.0,811.0,6.0,181.0
1126.0,779.0,5.3,139.0
1121.0,757.0,4.9,156.0
1135.0,797.0,5.7,175.0
1248.0,939.0,9.0,281.0
1325.0,1010.0,10.9,322.0
1347.0,1000.0,10.6,369.0
1317.0,952.0,9.3,366.0
1243.0,912.0,8.3,301.0
1169.0,841.0,6.6,232.0
1085.0,769.0,5.1,156.0
1177.0,896.0,7.9,169.0
1207.0,888.0,7.7,203.0
1269.0,1005.0,10.7,260.0
1205.0,996.0,10.5,289.0
1218.0,1009.0,10.9,273.0
1183.0,914.0,8.4,263.0
1242.0,978.0,10.0,295.0
1263.0,990.0,10.3,303.0
1139.0,865.0,7.2,209.0
1166.0,829.0,6.4,200.0
1079.0,727.0,4.3,174.0
1008.0,669.0,3.3,115.0
1034.0,707.0,3.9,122.0
1001.0,675.0,3.4,105.0
977.0,605.0,2.3,102.0
986.0,602.0,2.3,96.0
1082.0,720.0,4.2,144.0
1068.0,688.0,3.6,152.0
1136.0,733.0,4.4,156.0
1184.0,743.0,4.6,208.0
1179.0,738.0,4.5,174.0
1182.0,761.0,5.0,206.0
1082.0,700.0,3.8,160.0
996.0,620.0,2.5,91.0
1024.0,630.0,2.7,106.0
1093.0,682.0,3.5,199.0
1170.0,756.0,4.9,299.0
1153.0,734.0,4.4,272.0
1220.0,796.0,5.7,285.0
1218.0,825.0,6.3,307.0
1172.0,810.0,6.0,237.0
1182.0,812.0,6.0,244.0
1160.0,794.0,5.6,284.0
1106.0,728.0,4.3,221.0
1031.0,652.0,3.0,173.0
1015.0,640.0,2.8,144.0
1003.0,635.0,2.7,117.0
951.0,583.0,2.0,89.0
938.0,575.0,1.9,97.0
933.0,574.0,1.9,95.0
1010.0,656.0,3.1,166.0
1025.0,675.0,3.4,160.0
1086.0,756.0,4.9,176.0
1111.0,773.0,5.2,216.0
1129.0,788.0,5.5,220.0
1097.0,721.0,4.2,183.0
1029.0,670.0,3.3,154.0
1071.0,752.0,4.8,132.0
1053.0,721.0,4.2,140.0
1055.0,693.0,3.7,186.0
1176.0,822.0,6.2,213.0
1293.0,965.0,9.7,376.0
1307.0,1063.0,12.4,508.0
1163.0,954.0,9.4,388.0
1103.0,861.0,7.1,250.0
1120.0,817.0,6.1,232.0
1107.0,810.0,6.0,229.0
1078.0,766.0,5.0,184.0
963.0,646.0,2.9,117.0
923.0,596.0,2.2,103.0
853.0,502.0,1.0,66.0
883.0,530.0,1.3,63.0
921.0,575.0,1.9,95.0
1031.0,748.0,4.7,188.0
1371.0,1180.0,16.0,527.0
1519.0,1461.0,26.3,623.0
1409.0,1262.0,18.8,606.0
1303.0,1128.0,14.4,460.0
1184.0,978.0,10.0,346.0
1202.0,1052.0,12.1,296.0
1197.0,1040.0,11.7,321.0
1234.0,1049.0,12.0,312.0
1247.0,1059.0,12.3,355.0
1234.0,1060.0,12.3,349.0
1339.0,1200.0,16.7,385.0
1331.0,1160.0,15.3,456.0
1251.0,1097.0,13.4,306.0
1267.0,1102.0,13.5,402.0
1145.0,938.0,9.0,340.0
1010.0,752.0,4.8,206.0
1025.0,761.0,5.0,158.0
1024.0,759.0,4.9,178.0
938.0,679.0,3.4,118.0
905.0,615.0,2.4,95.0
826.0,512.0,1.1,84.0
879.0,539.0,1.4,82.0
901.0,589.0,2.1,122.0
948.0,702.0,3.8,146.0
1250.0,1069.0,12.6,397.0
1263.0,1138.0,14.7,371.0
1319.0,1164.0,15.5,454.0
1202.0,1055.0,12.1,433.0
1109.0,896.0,7.9,287.0
1136.0,962.0,9.6,265.0
1082.0,910.0,8.3,225.0
1070.0,947.0,9.2,210.0
1070.0,917.0,8.4,215.0
1123.0,945.0,9.2,227.0
1271.0,1183.0,16.1,403.0
1304.0,1212.0,17.1,444.0
1360.0,1295.0,19.9,475.0
1278.0,1147.0,14.9,438.0
1130.0,933.0,8.8,254.0
1066.0,802.0,5.8,172.0
1090.0,841.0,6.6,174.0
1013.0,754.0,4.8,146.0
998.0,718.0,4.1,134.0
923.0,616.0,2.5,83.0
904.0,565.0,1.7,81.0
884.0,556.0,1.6,73.0
936.0,628.0,2.6,104.0
1068.0,816.0,6.1,191.0
1531.0,1394.0,23.6,673.0
1184.0,1012.0,10.9,547.0
1064.0,848.0,6.8,275.0
996.0,759.0,4.9,200.0
984.0,724.0,4.2,185.0
980.0,728.0,4.3,164.0
970.0,710.0,4.0,150.0
940.0,656.0,3.1,134.0
963.0,691.0,3.7,128.0
961.0,702.0,3.8,150.0
1067.0,836.0,6.5,171.0
1084.0,866.0,7.2,204.0
1102.0,912.0,8.3,215.0
976.0,731.0,4.4,156.0
895.0,607.0,2.3,114.0
886.0,568.0,1.8,81.0
886.0,589.0,2.1,83.0
848.0,541.0,1.5,69.0
818.0,497.0,1.0,53.0
848.0,509.0,1.1,36.0
826.0,488.0,0.9,30.0
818.0,473.0,0.8,47.0
868.0,535.0,1.4,88.0
901.0,586.0,2.0,135.0
1044.0,845.0,6.7,280.0
1030.0,828.0,6.3,313.0
965.0,730.0,4.3,205.0
948.0,684.0,3.5,180.0
939.0,687.0,3.6,197.0
925.0,713.0,4.0,172.0
924.0,739.0,4.5,184.0
891.0,669.0,3.3,160.0
897.0,687.0,3.6,176.0
939.0,726.0,4.3,219.0
943.0,770.0,5.1,222.0
928.0,790.0,5.5,231.0
961.0,874.0,7.4,248.0
867.0,694.0,3.7,183.0
823.0,579.0,1.9,144.0
835.0,593.0,2.1,132.0
893.0,675.0,3.4,180.0
965.0,803.0,5.8,280.0
838.0,580.0,1.9,167.0
835.0,546.0,1.5,102.0
820.0,536.0,1.4,92.0
815.0,488.0,0.9,63.0
842.0,535.0,1.4,59.0
884.0,587.0,2.0,163.0
922.0,658.0,3.1,227.0
903.0,618.0,2.5,183.0
899.0,631.0,2.7,145.0
890.0,634.0,2.7,150.0
877.0,632.0,2.7,138.0
867.0,613.0,2.4,134.0
892.0,614.0,2.4,137.0
889.0,603.0,2.3,112.0
900.0,622.0,2.5,112.0
910.0,644.0,2.9,149.0
947.0,682.0,3.5,159.0
947.0,708.0,4.0,161.0
936.0,685.0,3.5,171.0
925.0,645.0,2.9,167.0
885.0,567.0,1.8,116.0
891.0,567.0,1.8,105.0
904.0,593.0,2.1,125.0
929.0,617.0,2.5,140.0
951.0,642.0,2.8,109.0
938.0,631.0,2.7,99.0
921.0,642.0,2.8,120.0
850.0,583.0,2.0,83.0
811.0,494.0,1.0,60.0
848.0,530.0,1.3,75.0
882.0,563.0,1.7,127.0
936.0,611.0,2.4,134.0
1022.0,715.0,4.1,192.0
970.0,677.0,3.4,166.0
1000.0,779.0,5.3,171.0
996.0,781.0,5.3,177.0
928.0,701.0,3.8,119.0
933.0,722.0,4.2,121.0
956.0,783.0,5.4,142.0
968.0,826.0,6.3,197.0
953.0,817.0,6.1,242.0
1015.0,743.0,4.6,190.0
1248.0,1018.0,11.1,367.0
1180.0,894.0,7.9,355.0
1102.0,812.0,6.0,235.0
1116.0,803.0,5.8,233.0
1100.0,769.0,5.1,170.0
1012.0,683.0,3.5,117.0
944.0,579.0,1.9,70.0
912.0,544.0,1.5,69.0
887.0,508.0,1.1,62.0
864.0,478.0,0.8,52.0
888.0,528.0,1.3,77.0
1031.0,730.0,4.4,182.0
1384.0,1221.0,17.4,594.0
1446.0,1362.0,22.4,586.0
1297.0,1102.0,13.6,523.0
1314.0,1101.0,13.5,472.0
1163.0,1027.0,11.4,353.0
1142.0,1063.0,12.4,293.0
1003.0,961.0,9.5,235.0
1071.0,1047.0,11.9,265.0
1063.0,909.0,8.2,180.0
1063.0,909.0,8.2,180.0
1063.0,909.0,8.2,180.0
1063.0,909.0,8.2,180.0
1063.0,909.0,8.2,180.0
1063.0,909.0,8.2,180.0
1063.0,909.0,8.2,180.0
1063.0,909.0,8.2,180.0
1063.0,909.0,8.2,180.0
1063.0,909.0,8.2,180.0
1063.0,909.0,8.2,180.0
1063.0,909.0,8.2,180.0
1063.0,909.0,8.2,180.0
1063.0,909.0,8.2,180.0
1063.0,909.0,8.2,180.0
1063.0,909.0,8.2,180.0
1063.0,909.0,8.2,180.0
1063.0,909.0,8.2,180.0
1063.0,909.0,8.2,180.0
1063.0,909.0,8.2,180.0
1063.0,909.0,8.2,180.0
1063.0,909.0,8.2,180.0
1063.0,909.0,8.2,180.0
1063.0,909.0,8.2,180.0
1063.0,909.0,8.2,180.0
1063.0,909.0,8.2,180.0
1063.0,909.0,8.2,180.0
1063.0,909.0,8.2,180.0
1063.0,909.0,8.2,180.0
1063.0,909.0,8.2,180.0
1063.0,909.0,8.2,180.0
1063.0,909.0,8.2,180.0
1063.0,909.0,8.2,180.0
1063.0,909.0,8.2,180.0
1063.0,909.0,8.2,180.0
1063.0,909.0,8.2,180.0
1063.0,909.0,8.2,180.0
1063.0,909.0,8.2,180.0
1063.0,909.0,8.2,180.0
1063.0,909.0,8.2,180.0
1063.0,909.0,8.2,180.0
1063.0,909.0,8.2,180.0
1063.0,909.0,8.2,180.0
1063.0,909.0,8.2,180.0
1063.0,909.0,8.2,180.0
1063.0,909.0,8.2,180.0
1063.0,909.0,8.2,180.0
1063.0,909.0,8.2,180.0
1063.0,909.0,8.2,180.0
1063.0,909.0,8.2,180.0
1063.0,909.0,8.2,180.0
1063.0,909.0,8.2,180.0
1063.0,909.0,8.2,180.0
1063.0,909.0,8.2,180.0
1063.0,909.0,8.2,180.0
1063.0,909.0,8.2,180.0
1063.0,909.0,8.2,180.0
1063.0,909.0,8.2,180.0
1063.0,909.0,8.2,180.0
1063.0,909.0,8.2,180.0
1063.0,909.0,8.2,180.0
1063.0,909.0,8.2,180.0
1063.0,909.0,8.2,180.0
1063.0,909.0,8.2,180.0
1063.0,909.0,8.2,180.0
1063.0,909.0,8.2,180.0
1063.0,909.0,8.2,180.0
1063.0,909.0,8.2,180.0
1063.0,909.0,8.2,180.0
1063.0,909.0,8.2,180.0
1063.0,909.0,8.2,180.0
1063.0,909.0,8.2,180.0
1063.0,909.0,8.2,180.0
1063.0,909.0,8.2,180.0
1063.0,909.0,8.2,180.0
1063.0,909.0,8.2,180.0
1063.0,909.0,8.2,180.0
1063.0,909.0,8.2,180.0
1063.0,909.0,8.2,180.0
1063.0,909.0,8.2,180.0
1063.0,909.0,8.2,180.0
1063.0,909.0,8.2,180.0
1063.0,909.0,8.2,180.0
1063.0,909.0,8.2,180.0
1063.0,909.0,8.2,180.0
1063.0,909.0,8.2,180.0
1063.0,909.0,8.2,180.0
1063.0,909.0,8.2,180.0
1063.0,909.0,8.2,180.0
1063.0,909.0,8.2,180.0
1063.0,909.0,8.2,180.0
1063.0,909.0,8.2,180.0
1063.0,909.0,8.2,180.0
1063.0,909.0,8.2,180.0
1063.0,909.0,8.2,180.0
1063.0,909.0,8.2,180.0
1063.0,909.0,8.2,180.0
1063.0,909.0,8.2,180.0
1063.0,909.0,8.2,180.0
1063.0,909.0,8.2,180.0
1063.0,909.0,8.2,180.0
1063.0,909.0,8.2,180.0
1063.0,909.0,8.2,180.0
1063.0,909.0,8.2,180.0
1063.0,909.0,8.2,180.0
1063.0,909.0,8.2,180.0
1063.0,909.0,8.2,180.0
1063.0,909.0,8.2,180.0
1063.0,909.0,8.2,180.0
1063.0,909.0,8.2,180.0
1063.0,909.0,8.2,180.0
1063.0,909.0,8.2,180.0
1063.0,909.0,8.2,180.0
1063.0,909.0,8.2,180.0
